date,pi_panic,cs_mom_short,cs_mom_mid,cs_mom_long,mom_overall,cs_disp_short,cs_disp_mid,cs_disp_long,pi_panic_freq_6mo,pi_panic_freq_12mo,past_sharpe_12mo,cs_skew_short,cs_skew_mid,cs_skew_long,cluster
2011-01-31,0,0.1628316654498832,0.18584280410475257,0.2589164378465385,0.20253030246705808,0.2399229573271232,0.4032904820681056,0.5653973004048434,,,,4.557046311990908,6.746229288288937,7.0299284994249795,1
2011-02-28,0,0.11051962745754447,0.2534406492090962,0.2258765713704082,0.1966122826790163,0.23506499763165384,0.39940091845900716,0.5033470906242178,,,,4.931645959858525,3.2796664847000336,4.083108052494042,1
2011-03-31,0,0.11656248404783837,0.3140689737127568,0.2519228457757321,0.22751810117877577,0.24051195463760072,0.4513399047239086,0.5258123947723004,,,,4.856916945717532,3.512530429285456,4.075212824715709,1
2011-04-29,0,0.08690124783017941,0.2963069162053109,0.28142957894340515,0.22154591432629847,0.21866383878431236,0.4387259371303198,0.5368902596332383,,,,3.0166882788594807,3.0357790479799935,3.0341300645789815,1
2011-05-31,0,0.06030141554740638,0.283956780708245,0.31157969311232636,0.2186126297893259,0.19161862379305883,0.41703551629438446,0.538013724741429,,,,2.034243804547569,3.0348766044361466,2.827542013054006,1
2011-06-30,0,0.017222870661086728,0.1825023756302085,0.3403145450912999,0.18001326379419838,0.17662776078416037,0.36311315396060717,0.5309079093429159,,,,1.5899599370065607,3.1787249899095658,2.6576660925642153,1
2011-07-29,0,-0.02010015457880453,0.11119589657686577,0.30947863539411186,0.13352479246405768,0.18247748896433968,0.3353118911265027,0.5181281793222029,0.0,,,4.385088534213323,2.201777766408399,2.5030022256396367,1
2011-08-31,1,-0.04466502887632505,0.03747265865902698,0.23565155295255358,0.07615306091175184,0.16479993985553842,0.304864601195857,0.4811505491241541,0.0,,,3.0096977112303787,2.278870300074241,2.6847147664244915,0
2011-09-30,1,-0.11882368202751825,-0.08894582552443586,0.09623839171645758,-0.03717703861183217,0.15547147649762613,0.2688713939585424,0.40254206301193174,0.16666666666666666,,,0.6618771555060767,1.7541025589714723,2.1533973727978353,0
2011-10-31,1,-0.17428936807288023,-0.199394301224664,-0.0753669102472788,-0.14968352651494102,0.15741717834017332,0.24467450026374515,0.3343383758512534,0.3333333333333333,,,0.522433676191374,1.1396910580698587,1.6929580967332412,0
2011-11-30,1,-0.013958462324764984,-0.12092295503936988,-0.003802896225438574,-0.04622810452985782,0.1641286449064821,0.24619479675202477,0.3535090267763688,0.5,,,0.4926732073141001,1.002063125077394,1.531088132753833,0
2011-12-30,1,0.004777769085134137,-0.12773149042591525,-0.0492149016477632,-0.05738954099618144,0.19190163817421158,0.2517734156360129,0.3560307311437095,0.6666666666666666,,,2.4297219978101685,1.024134169824724,2.328706003066949,0
2012-01-31,1,0.03146850838678694,-0.11630966795572853,-0.08445555903591184,-0.056432239534951155,0.1913080296041068,0.2493904196621751,0.3337786917115442,0.8333333333333334,0.4166666666666667,0.23374240926610557,2.2098176342669467,0.6172347193742594,1.2840345189710474,0
2012-02-29,1,0.11636055658867546,-0.010906588659497425,-0.04214529198363591,0.021102891981847376,0.20888810138980535,0.25851884221772836,0.32980114067880456,1.0,0.5,0.27218150393297835,2.917625606337035,1.2250748665300761,1.6110900525360605,1
2012-03-30,1,0.1056831665592605,0.09766575430767845,-0.024538662642385606,0.05960341940818445,0.2211551493119286,0.3278001998270013,0.36470422216676934,1.0,0.5833333333333334,0.22355303631103637,4.403554788650297,4.392366050782083,4.740821499358487,1
2012-04-30,0,0.11367993038500496,0.16973891897284452,0.010453784413426696,0.09795754459042537,0.23772506304000302,0.36680866100177123,0.38547924087260727,1.0,0.6666666666666666,0.4567586707156306,6.478516587834765,3.9111913335265234,3.6421263716789287,1
2012-05-31,1,0.06080929433815558,0.18969810745418578,0.01695903616790888,0.08915547932008344,0.21453691124563484,0.3729584462579764,0.3812287030926921,0.8333333333333334,0.6666666666666666,0.9352889755415162,4.422262815766896,3.3580989777818773,2.969785903053432,1
2012-06-29,1,-0.04409948537661927,0.11146974340410376,-0.007597794980766752,0.019924154348905914,0.199475765252553,0.35713050136008406,0.38987001920460024,0.8333333333333334,0.75,0.7968370403375397,2.328422532682965,3.0759047972596942,3.194717621080762,1
2012-07-31,1,-0.0018314379778151802,0.1054839408315417,0.10196585845296322,0.06853945376889657,0.19132563164967586,0.37292778194876836,0.4412531334588984,0.8333333333333334,0.8333333333333334,0.685580062755433,2.179000398464069,4.106498340291527,3.5686648126271554,1
2012-08-31,1,-0.010168461405813676,0.06648828002667054,0.12214864990526748,0.05948948950870812,0.18806379362222642,0.3480745206175119,0.4467780675144042,0.8333333333333334,0.9166666666666666,1.1416075819622151,2.6469274101735216,2.99914130827801,2.9278618832540273,1
2012-09-28,1,0.03241766510567774,0.05891498984435177,0.1811824803907279,0.09083837844691912,0.2055355734483067,0.35068202322089276,0.4761669322241452,0.8333333333333334,0.9166666666666666,1.298891446049679,4.9619866614975905,3.6583855024917216,3.176973123644372,0
2012-10-31,0,0.07104335431230685,0.05776527370770525,0.22549362886182445,0.11810075229394551,0.18930626987714388,0.3317807018915278,0.48832997414830864,0.8333333333333334,0.9166666666666666,0.8037487248878665,3.286302374821947,3.517811048938458,3.252324878177724,1
2012-11-30,0,0.026020960878722944,0.039675321811798496,0.14928880254268206,0.0716616950777345,0.18277267004533052,0.32821025255845054,0.4677930368455908,0.8333333333333334,0.8333333333333334,2.3355908230657683,3.850764054293226,5.765136678616194,3.340275287389827,1
2012-12-31,0,0.02443382418580923,0.04963552068156113,0.13073540390335486,0.06826824959024173,0.24652740029390632,0.38189853684217606,0.4891140197735531,0.6666666666666666,0.75,1.9277748464340905,16.80721913913753,10.099050477582734,4.674634447110418,1
2013-01-31,0,0.03710479031896344,0.08793096835946336,0.11404147312589616,0.079692410601441,0.18857302258093311,0.3465335414691755,0.4648593870759341,0.5,0.6666666666666666,2.3843637879059645,8.267852097760635,7.087713785915822,4.949419257705944,1
2013-02-28,0,0.09490143540590537,0.16449665044268527,0.14617059612422703,0.13518956065760587,0.20444263129372847,0.36818119230022417,0.4789569281720896,0.3333333333333333,0.5833333333333334,2.417702508791992,7.922235419459612,7.790817486659103,6.239947973385478,1
2013-03-28,0,0.08679603727050587,0.15404618069722334,0.16349899679985058,0.1347804049225266,0.18887055807425554,0.4037183257956898,0.48285510669085996,0.16666666666666666,0.5,2.4126252039119005,2.041689421579008,14.093472238601295,7.076286048664858,1
2013-04-30,0,0.10628758069384031,0.20207125971077744,0.22478228242015758,0.17771370760825844,0.19168002334498555,0.5428825486435,0.6023682315079426,0.0,0.4166666666666667,1.0252812227130994,2.069980341986806,23.83075951000135,14.116891816738768,1
2013-05-31,0,0.06643370232264285,0.18752598490290806,0.24221393067688932,0.16539120596748005,0.19735060768074333,0.5428577995432666,0.6367216475263336,0.0,0.4166666666666667,0.9106988746501296,2.6024478565532987,20.27817515782359,16.547264588318022,1
2013-06-28,0,0.08192548761251871,0.22786477555293963,0.3033762236113475,0.20438882892560195,0.20168421396487818,0.46791084166649466,0.6442443589654899,0.0,0.3333333333333333,1.2166467358297977,2.8530685759031287,11.368139203553092,15.132115121321359,1
2013-07-31,0,0.05185958939442234,0.20075238731349646,0.2727132262986891,0.17510840100220262,0.18848260622305757,0.3831077605947214,0.6562651089228049,0.0,0.25,1.4604297777621402,2.2563930589580314,3.359882674069558,17.33420087710854,1
2013-08-30,0,0.10301262547247163,0.25209207008654494,0.3548971975318138,0.23666729769694347,0.20522193643180464,0.39648805330096953,0.6756573334473037,0.0,0.16666666666666666,1.0156748670330151,4.015247268365564,3.1185456460785987,14.421619787837628,1
2013-09-30,0,0.0481074647994401,0.1782688086367526,0.30412139193702703,0.17683255512440657,0.19945729336755563,0.3752637147783751,0.5855001658255162,0.0,0.08333333333333333,1.366219307849251,3.8563757178214493,3.310931967439844,9.46970841613092,1
2013-10-31,0,0.08122913761063105,0.20561948549292136,0.3636315188253878,0.2168267139763134,0.20933924589545067,0.39725706749664164,0.6132379273947162,0.0,0.0,1.30903899194016,5.383226783705052,3.948304531647614,7.142729181948981,1
2013-11-29,0,0.08161667938929662,0.20389158112427064,0.36882468502775206,0.21811098184710645,0.200961848390656,0.37443952293114113,0.5340376317305087,0.0,0.0,1.2847140507097836,3.0889132876101772,3.0030424917004668,2.6017142679395953,1
2013-12-31,0,0.09253706988247484,0.22597416899933334,0.3885982662789338,0.235703168386914,0.2137146146550855,0.3860383745448634,0.5506842928498191,0.0,0.0,1.2373957745411865,3.2015292719400934,3.330982509008428,2.522157310230411,1
2014-01-31,0,0.09604171632208289,0.22558538057624344,0.3769164542867594,0.23284785039502856,0.2112486436187498,0.39779760578698736,0.5690332861774479,0.0,0.0,1.5441991677716118,4.844141116359848,4.212817600584511,3.353516851558178,1
2014-02-28,0,0.047472669984654825,0.18986745896761859,0.3237422682954842,0.18702746574925255,0.2422332604905301,0.46084035402658674,0.618098642749356,0.0,0.0,1.4721317362964117,7.370075836898265,7.555850123018659,5.155043844367878,1
2014-03-31,0,0.07273681659238271,0.21554728537894086,0.35398447178835735,0.2140895245865603,0.24949265165991014,0.4785300072945533,0.6790781406571866,0.0,0.0,0.3747747017586576,6.759285244388887,6.9167193418740816,6.0678409534252395,1
2014-04-30,0,0.04377534288116987,0.17539598787446506,0.31862307825841724,0.17926480300468406,0.21824301511287744,0.4410121858295076,0.6219018344797849,0.0,0.0,0.46153080290689147,5.529442470808451,7.154343690388027,5.356581114315969,1
2014-05-30,0,-0.011275946852819494,0.09974930826249598,0.22632951910481547,0.10493429350483065,0.170977879720083,0.3554390934212721,0.5061115736709004,0.0,0.0,0.26075820277359973,2.0271974451767143,6.023926781343082,4.659395440326922,1
2014-06-30,0,-0.009536093435394355,0.05894798737042588,0.19836867397199576,0.08259352263567576,0.16474359440780442,0.31386413140293007,0.475332446290044,0.0,0.0,0.3769346607735879,1.3755348878648497,4.167636130650212,4.338285402758054,1
2014-07-31,0,0.03006038943156497,0.08223123563442228,0.2216279260637095,0.11130651704323224,0.15974302113414526,0.3119490608909297,0.4895087602085263,0.0,0.0,0.21633468795914998,2.1620515561030853,4.170803754379549,5.171295530605093,1
2014-08-29,0,-0.020240243434825493,0.0036898969649887233,0.12409822239647997,0.03584929197554773,0.15002497523415145,0.2747728623912151,0.42586056509339687,0.0,0.0,0.3718860026483073,2.467180483752351,3.0137705063640823,4.714470028849526,1
2014-09-30,0,0.03161580713260079,0.029954313643349644,0.14717081550077488,0.06958031209224176,0.18195806841572543,0.28221919428709974,0.4530887962812342,0.0,0.0,0.11368432891175936,6.492346098791524,3.0780840906841087,5.021825870082784,1
2014-10-31,0,-0.026229153475361224,-0.015802413083863327,0.054688373810532195,0.004218935750435884,0.1984969269770369,0.3007467205205199,0.41114366069854325,0.0,0.0,0.025120498083992925,9.18743169732149,8.303734752464553,4.877921910705094,1
2014-11-28,0,0.012233581589291241,0.017526741047514994,0.06897823873873629,0.03291285379184751,0.1866153229499811,0.29134009720066756,0.3946226738833822,0.0,0.0,0.3922199782782902,1.9028431739259153,3.4117616050958883,3.3358412846094936,0
2014-12-31,0,0.01950864899986309,0.019927732764224094,0.04382746215302244,0.02775461463903654,0.18559680998523598,0.3028999413761181,0.38789936168493316,0.0,0.0,0.31092217272494693,0.78682065333516,2.5874417492200643,3.1911507251998397,0
2015-01-30,0,0.033934820605825367,0.052886474417534,0.0499034543221797,0.045574916448513025,0.189799749161414,0.3190030225318613,0.37890548344707203,0.0,0.0,0.18117152946171441,2.117888395228543,2.3686161678077835,2.5476231654801347,1
2015-02-27,0,-0.004597932383477528,0.007346023666516545,0.01685045851327953,0.006532849932106181,0.1915073837853598,0.3161244526771332,0.38357509871746953,0.0,0.0,-0.14509431001957773,1.6815771947819975,1.9279786200051046,2.450782058895429,0
2015-03-31,0,0.05090992175865108,0.0702935320253964,0.07457542183098599,0.06525962520501116,0.1880814679738234,0.31382951440923296,0.3922722569984715,0.0,0.0,0.86460345044147,2.7527058136623834,1.737595967323146,2.3531655675257515,1
2015-04-30,0,0.043686296569515594,0.08197553188310852,0.07965214085533139,0.06843798976931849,0.19905604355053697,0.3371789716314585,0.42153800443913525,0.0,0.0,0.718533541577653,3.9162651589886877,2.5270104510136107,2.8431496757182466,1
2015-05-29,0,0.03209977482187948,0.0681947122829441,0.08256017056607734,0.06095155255696697,0.37528401025644204,0.4230705276828495,0.4458072100789886,0.0,0.0,1.0658909183435878,29.46012681690327,16.00378058701276,5.825637980718688,1
2015-06-30,0,0.030562028759171616,0.07800309345571906,0.08962657378555156,0.06606389866681407,0.22346515333880212,0.3800054809026088,0.45618279781254567,0.0,0.0,1.1528018774141218,10.878400092645954,8.523196930628174,4.696852403357456,1
2015-07-31,0,0.014043554900921084,0.07397431348252673,0.0979112323267913,0.061976366903413044,0.18827791953225362,0.36879485200174705,0.4463285767611664,0.0,0.0,1.4879394274304458,4.252548448810556,7.831799184038677,3.5934914768952444,1
2015-08-31,1,-0.012075011598060705,0.0413195521873697,0.08981369817452814,0.03968607958794571,0.19628387491718335,0.4144441876070257,0.4998692307950406,0.0,0.0,1.205038146000121,2.424829336585737,12.093205646630866,5.094743372045998,1
2015-09-30,1,-0.05352360796542632,-0.023510141407246887,0.02393745301974945,-0.017698765450974586,0.2141542174425154,0.3507259946237435,0.4369755361686575,0.16666666666666666,0.08333333333333333,0.7810981962705482,11.201201901029224,8.958057259654161,4.934182373988728,1
2015-10-30,1,-0.08822668891354342,-0.07670179064286448,-0.030862786668161578,-0.06526375540818981,0.27518187952099316,0.3804696839259176,0.4570737223887693,0.3333333333333333,0.16666666666666666,1.0714926175348218,21.537147109482266,16.01451251113611,9.132432911612707,0
2015-11-30,1,-0.009074988897672998,-0.04448771129658642,0.010873448377090263,-0.014229750605723053,0.3321900918351889,0.54125784867306,0.5493311210583189,0.5,0.25,0.4955230125808211,19.878283081033103,35.52882928561696,20.103898178863666,1
2015-12-31,1,0.030173685521602024,-0.02462831553992433,0.023011880444295245,0.009519083475324314,0.25098216972311427,0.5595727519641502,0.5549501773064939,0.6666666666666666,0.3333333333333333,0.7859259118626701,9.968057617469302,34.992016360347826,18.567345742669428,0
2016-01-29,1,-0.007105723748350695,-0.061051057820315585,-0.030926473078641263,-0.033027751549102514,0.19514693319464443,0.4793583321182405,0.48847379883689135,0.8333333333333334,0.4166666666666667,-0.0719190326319672,2.554543424226494,28.35830856534912,17.13533855538771,0
2016-02-29,1,-0.09260336447394549,-0.1327178628275491,-0.12164585698487827,-0.1156556947621243,0.17714361799145623,0.3690398184770008,0.412131361672862,1.0,0.5,0.040431479568607064,0.7797692712247678,17.024610556441452,14.146678691333095,0
2016-03-31,1,-0.07124261827131656,-0.10585547886898207,-0.13735220294292483,-0.10481676669440783,0.1828255556170506,0.32205060552542997,0.40792621412582597,1.0,0.5833333333333334,0.32404547451136373,0.9362131638344048,8.718093292093437,15.506490999510408,0
2016-04-29,1,0.030140673171340872,-0.02643589921275019,-0.08212803167564883,-0.02614108590568605,0.22629727178504425,0.30351213678662137,0.43648554017848634,1.0,0.6666666666666666,0.9829392093670047,6.2520983822687075,4.03537573490295,17.21461535313486,0
2016-05-31,0,0.08009818499516679,0.008192052463619903,-0.056942670940698985,0.010449188839362562,0.25248853472996224,0.307665498609308,0.43393599791467374,1.0,0.75,0.912462933862051,7.159146101283118,5.523863461113706,15.992310662248999,1
2016-06-30,0,0.0812305222705848,0.017583367399869317,-0.04080506113412746,0.019336276178775563,0.292908893123555,0.30816083968041014,0.4082489583793705,0.8333333333333334,0.75,1.0561716402915302,19.53303114794428,4.717055872356703,10.950545511922812,0
2016-07-29,0,0.04521737264773799,0.03408515525740543,-0.015773820710853405,0.02117623573143,0.3355007190780527,0.38011022981379866,0.4138390659868465,0.6666666666666666,0.75,0.7154124830983047,23.19658132884875,10.603181840514793,7.283523255410745,1
2016-08-31,0,0.07029560466744295,0.12397857022065698,0.05354537470578997,0.08260651653129664,0.2807654701510166,0.419885647234859,0.4193965420894045,0.5,0.75,0.7239507660095063,13.276595791170289,7.791017674339395,3.596146444659217,0
2016-09-30,0,0.06830872817972583,0.16216054368204225,0.0768321434060163,0.10243380508926146,0.26266686805145834,0.43824751867515077,0.40758399071630225,0.3333333333333333,0.6666666666666666,1.2250246402527982,7.485592615590886,7.383984608841249,2.70401574302232,1
2016-10-31,0,0.06911919299383508,0.18444114074104495,0.10584891923060509,0.11980308432182836,0.2437942580899602,0.5014911832662334,0.434093515904193,0.16666666666666666,0.5833333333333334,0.8217780379751282,6.835229042715012,12.635547123814947,4.199405690067094,1
2016-11-30,0,-0.006052576163123269,0.0923460349905696,0.0765968640068385,0.05429677427809495,0.20005034452412043,0.43679284991523526,0.43094056430951266,0.0,0.5,1.3661305956469068,3.6646322402138476,12.041666758858598,5.3112335032541145,0
2016-12-30,0,0.07489553555869713,0.16458720390059214,0.22110254340154953,0.15352842762027957,0.21892632494119438,0.4525972411122787,0.5934756217657299,0.0,0.4166666666666667,1.0964134007158544,1.8147535582411485,9.178680141960722,10.856604476764726,1
2017-01-31,0,0.07662121439831107,0.16418515078431634,0.2686958570360879,0.1698340740729051,0.2161842808153521,0.44193124344456514,0.7155796691059566,0.0,0.3333333333333333,2.2551944646943,1.4581908713462326,7.9277149458390745,17.20339368766977,1
2017-02-28,0,0.0665304145745865,0.15422723110224465,0.2770133364736531,0.1659236607168281,0.205158761029332,0.4171456635391231,0.760257687268372,0.0,0.25,2.051233676023564,2.289282420407564,6.819017389541161,19.484671765779982,1
2017-03-31,0,0.06937068481153583,0.15268658766011572,0.26391913793479715,0.16199213680214955,0.22122326536778325,0.4133316057311086,0.7375840007507081,0.0,0.16666666666666666,1.707953328361414,4.378154331438223,6.475619704894154,17.69288941482538,1
2017-04-28,0,0.041624466207295874,0.14723880351395785,0.2374009532457633,0.14208807432233903,0.21632613788561328,0.3673423790969353,0.5846817696390088,0.0,0.08333333333333333,1.2407227127299723,3.4526117414477633,3.159661687073285,9.299328249415643,1
2017-05-31,0,0.031440468672244676,0.13215647565034308,0.2204594780497444,0.128018807457444,0.19406926163062233,0.3465543227200568,0.518484525111168,0.0,0.0,1.1394511159678684,3.1887390070835413,2.752035142573759,5.174470705035202,1
2017-06-30,0,0.0020254865183777643,0.09506315143576616,0.18182970637227408,0.09297278144213933,0.2105248673686616,0.3736561906800949,0.52668851169118,0.0,0.0,0.7361942773608251,3.127818215819033,3.5162510486752727,5.0309800400229765,1
2017-07-31,0,0.02885393547927026,0.11047505049549886,0.19216042323416632,0.11049646973631182,0.1922529478530537,0.3768013557666703,0.5057687130151456,0.0,0.0,0.7156081022351749,3.0949556791788653,3.976521163081588,4.05780166283901,1
2017-08-31,0,0.023229736617976067,0.07481705638026025,0.18314272705752904,0.09372984001858843,0.18225188372519552,0.35382459942294514,0.4896455598015364,0.0,0.0,1.247436370630997,3.662531379407322,3.099993793342607,3.3758535419962117,1
2017-09-29,0,0.003643455063041827,0.04538918037531363,0.1464935271623417,0.06517538753356573,0.20096526397037917,0.36164642281167014,0.5007097599570494,0.0,0.0,0.8631486785674332,2.440088119627238,3.1797659195823433,3.774901220045554,0
2017-10-31,0,0.07288246451793995,0.09826403432022954,0.19727055477540162,0.12280568453785705,0.24410232080453756,0.3744589014579309,0.519990673940325,0.0,0.0,1.0757311417943032,5.340778460021226,3.171896673026322,3.2706154222754598,1
2017-11-30,0,0.05460219699634234,0.10003111866742291,0.18864606843181025,0.11442646136519184,0.2296309166380269,0.37872094229060993,0.5423033924122831,0.0,0.0,0.3760662045425134,3.592248757798046,3.295392981605862,3.7149067729129692,1
2017-12-29,0,0.07729411204495557,0.12803340934617125,0.18180068784573372,0.12904273641228686,0.2526376952425858,0.4027919612045995,0.5360821232682064,0.0,0.0,0.11883321545390176,3.5427775917025772,3.883886299426511,3.4768294302999037,1
2018-01-31,0,0.06467312372657696,0.13569767476264716,0.17295106135711458,0.12444061994877957,0.262826589618732,0.45413797315339205,0.5522241619393204,0.0,0.0,0.6810195439578133,5.744985278955178,5.625467818305619,4.708651879773537,1
2018-02-28,0,0.06079824663066548,0.16833688274600128,0.19171609788527408,0.14028374242064695,0.22430330358243514,0.46480824797360865,0.5462408172797176,0.0,0.0,1.078430520996018,3.452121937332815,5.4554778894889715,4.0290675464968535,1
2018-03-29,0,-0.00022090250300642322,0.09797314733634166,0.14253893687577487,0.08009706056970338,0.20017980277815833,0.4255916407853995,0.5338975072064038,0.0,0.0,0.8475645378017284,2.2047691204421187,4.840006104608974,3.990208424825605,0
2018-04-30,0,0.0022764037465025995,0.09208824805502266,0.14517540869595186,0.07984668683249237,0.20588065106600725,0.39878957871379206,0.5350352556639432,0.0,0.0,1.1200750345850357,4.428051495881315,4.247997410588642,4.359312847921975,1
2018-05-31,0,0.009257771044475121,0.07667585534984803,0.15091938751668055,0.07895100463700122,0.1959818692926888,0.36613181924433447,0.5548000102873664,0.0,0.0,1.3658653969365169,2.9914812553664585,3.5817383114111605,4.9866261208174745,1
2018-06-29,0,0.06099442412635694,0.10271197239540666,0.2192609473686038,0.12765578129678914,0.2374571038370338,0.40111860267827293,0.693953475963312,0.0,0.0,1.2886354493886996,4.836106224299733,3.9580191589415534,8.081556002838916,1
2018-07-31,0,0.06583791515814769,0.09630280772160124,0.20464203703303438,0.12226091997092776,0.27187373719615315,0.42475855269757223,0.6678915407274775,0.0,0.0,0.8938995379080517,9.66581691384135,5.200366013114651,7.283813701031644,1
2018-08-31,0,0.05208642788911882,0.09704349367379245,0.1950719924744449,0.1147339713457854,0.24409836075309893,0.44457536417033167,0.640673063229433,0.0,0.0,1.0916128887139551,7.755292586242149,7.940709411997835,6.919713379780821,1
2018-09-28,0,0.06751586260447116,0.1389557598686848,0.21644794940936715,0.14097319062750768,0.2381988238895857,0.5085861050814765,0.6661321209829825,0.0,0.0,1.062219680696743,4.262950059619281,9.740539438122699,7.440843841155289,1
2018-10-31,0,0.023824237051042817,0.11866717125065913,0.16574143990372397,0.10274428273514197,0.21870968375879996,0.45962524734777543,0.6150068614078688,0.0,0.0,0.2873372999961073,5.6196412271736556,7.121320209177853,7.779126912906492,1
2018-11-30,0,-0.08886265266623779,-0.00375597658978938,0.029313819476451702,-0.02110160325985849,0.18319501531894666,0.37196233555084585,0.5301020211372856,0.0,0.0,0.0875514270510185,2.628132821602179,5.8285431047529626,8.884588225418481,0
2018-12-31,1,-0.067634604246694,-0.020172026274584556,0.029305785247552667,-0.01950028175790863,0.1856595830786555,0.3419637791941307,0.534702426202183,0.0,0.0,0.24260934392447966,1.2148923268514928,4.502004614226788,9.82961127953429,0
2019-01-31,1,-0.1620465697584652,-0.1545872373762695,-0.09747751228656701,-0.13803710647376724,0.17680487513118587,0.31608016792358556,0.5292106865475221,0.16666666666666666,0.08333333333333333,0.23018259709999775,1.0600631326181151,5.057701348346129,13.843011659989813,0
2019-02-28,1,0.005408876221352426,-0.07694522939469746,-0.0015748437906140693,-0.02437039898798637,0.27277948682062647,0.5635199952069854,0.5477028585145343,0.3333333333333333,0.16666666666666666,0.26616066463286236,15.870446954990259,33.78801178964759,11.732656980377255,0
2019-03-29,1,0.08386237525564545,-0.05100668456056445,0.034680273795919946,0.02251198816366698,0.21860357272153913,0.3001817692554497,0.49788696665915483,0.5,0.25,0.251581148517218,2.7532279445132914,3.849122541808647,8.428473249076195,1
2019-04-30,0,0.06194001755565587,-0.04258603395173479,0.0044532027784835535,0.007935728794134877,0.2633101007172351,0.31779794651837356,0.5219171783919991,0.6666666666666666,0.3333333333333333,-0.13465759549721634,10.181587858466955,3.344734731293804,11.329544834011237,0
2019-05-31,0,0.0827307075718998,0.005141249806613974,0.010340543065437918,0.0327375001479839,0.23529645644503866,0.33468041136334603,0.4809879060106278,0.6666666666666666,0.3333333333333333,-0.2660842029566465,5.328334469283713,4.040359472251283,7.736666317892335,1
2019-06-28,0,-0.04950739127630732,-0.008412315789442234,-0.08926101611360716,-0.04906024105978557,0.21225739485032818,0.36615594891046416,0.4398606963993205,0.6666666666666666,0.3333333333333333,-0.4199966960941876,2.412077448951343,4.47942660668845,5.988888244706665,0
2019-07-31,0,0.013717900705119383,0.0838193456938576,-0.043392904383363115,0.01804811400520462,0.2223211682623127,0.4075617458992563,0.46126170956384593,0.5,0.3333333333333333,-0.4018312560521208,3.1380474841609907,4.371282111179156,5.672366982488604,0
2019-08-30,0,0.010910016786510717,0.0691284570215689,-0.0277137237593189,0.017441583349586908,0.21575846145985805,0.39955691276282296,0.44445137474813007,0.3333333333333333,0.3333333333333333,-0.4658567199061013,2.3736302494812973,3.4839906665871094,3.6860021647859025,0
2019-09-30,0,-0.03964496588459428,0.01165098873574881,-0.0520643784900863,-0.02668611854631059,0.2188167946562002,0.3826735015229637,0.4500318318740213,0.16666666666666666,0.3333333333333333,-0.7407465588148556,1.7897666764141387,2.4619862481416313,3.3231518286900537,0
2019-10-31,0,0.003877970083585187,-0.017031627921287623,0.02130760518296319,0.002717982448420253,0.21011779045622847,0.3131544969301109,0.4146504290818166,0.0,0.3333333333333333,-0.4685240760778946,2.550023063724565,1.426607930726154,2.236626310079622,0
2019-11-29,0,0.006417208037373305,-0.0005075005008989631,0.06371387005058687,0.02320785919568707,0.21841644731211401,0.3210724363772185,0.44397483977619323,0.0,0.3333333333333333,-0.22173367617847511,4.0304236373480995,1.5753335293028832,2.4186125816864967,0
2019-12-31,0,0.05202107502637432,0.03764646708896463,0.09221678779514297,0.06062810997016064,0.2652577641318876,0.3626413926858091,0.5055179341510165,0.0,0.3333333333333333,0.027275155479015024,5.127526193328882,2.559308194941274,4.208900802454256,0
2020-01-31,0,0.09185997892263517,0.07716702290718681,0.12796482758374605,0.09899727647118935,0.30643286297083655,0.4104598639327715,0.6134336794314892,0.0,0.25,-0.38377147563252784,6.3662488739400525,4.603150634929134,10.093548329876963,1
2020-02-28,1,0.03876850341577598,0.07590752811137452,0.062097288291580885,0.05892443993957713,0.32786949993532893,0.4352357850416557,0.5399074039286994,0.0,0.16666666666666666,-0.4132701297492964,8.643146829393512,4.861839586271121,5.000221277772514,1
2020-03-31,1,-0.04061605884974708,0.016430970753667125,0.01982777897708081,-0.0014524363729997126,0.536703871886211,0.7693450260202865,0.9846781411685743,0.16666666666666666,0.16666666666666666,-0.10033635297938186,19.886105251971586,20.058831698110666,28.762395282418666,1
2020-04-30,1,-0.2505410498885345,-0.2075828057189194,-0.2093857413131228,-0.22250319897352558,0.3444876185285428,0.4982386914865537,0.5916547832065228,0.3333333333333333,0.16666666666666666,1.0012974218333017,10.50646411392686,10.562960629871636,13.514742336340511,0
2020-05-29,1,-0.045208565886642155,-0.08071436064389036,-0.08975176674033553,-0.07189156442362267,0.36751795824206424,0.5650315666345328,0.64129266838218,0.5,0.25,0.8103333149733596,6.650071925005243,8.26877388010761,10.111714823512157,1
2020-06-30,1,0.06774933681877734,-0.024947869421424615,-0.0013190705801089542,0.013827465605747921,0.37097976056053983,0.7177624963988523,0.8185102497495857,0.6666666666666666,0.3333333333333333,1.3062211544180191,4.5670176608731765,11.230274558324945,13.724864367584775,0
2020-07-31,1,0.16363650415224706,0.032160310767851905,0.07457019172511128,0.09012233554840343,0.5566035090967029,0.9188331499084417,1.076921444465801,0.8333333333333334,0.4166666666666667,1.357156167124153,13.83311226327984,10.933704860101567,12.065753940590119,1
2020-08-31,0,0.19832885404165462,0.0809555219348476,0.13808463595979703,0.13912300397876642,0.541851150564771,1.0131696432674366,1.3661930058073366,1.0,0.5,1.4896722823010549,9.064550893536625,11.263266145501238,15.754873686929024,1
2020-09-30,0,0.14781952612097116,0.2039090401918913,0.15611418860146964,0.16928091830477734,0.4806136362944161,0.8369205262469923,0.9999125697630289,0.8333333333333334,0.5,1.9278512964445123,16.924043704908076,7.532757989833717,8.476006049082756,1
2020-10-30,0,0.05667237789020877,0.22468408545686497,0.12190551863803413,0.13442066066170263,0.3580279023018408,0.8107102693758226,1.0791200947155037,0.6666666666666666,0.5,2.038710533081639,6.902038936225899,6.1826693698858595,8.858792475367988,1
2020-11-30,0,0.036832488096660815,0.2553543383997955,0.10336493786231238,0.13185058811958958,0.307040129383363,0.7604651585751955,0.9481328388124765,0.5,0.5,2.3196587478343806,5.096771379858348,6.287786477162284,6.794523558590327,1
2020-12-31,0,0.22018367063669586,0.5042637705155903,0.3290823293000933,0.3511765901507931,0.4224131840797781,1.1593790372028359,1.4470811174670213,0.3333333333333333,0.5,2.2243012032728684,7.847188591394312,14.574795923245597,12.942411937217631,1
2021-01-29,0,0.2559992188851452,0.48605480917103183,0.5495233822527108,0.43052580343629593,0.4371995135162695,0.9797488345069923,1.421745227757032,0.16666666666666666,0.5,2.2992644418406245,5.9390677848118365,8.966125280106953,7.603027169477153,1
2021-02-26,0,0.320682801371568,0.5971339459144652,0.8505865930101317,0.5894677800987216,0.9144249380134937,2.0510673331283034,2.647181733287394,0.0,0.5,2.017836890657614,18.028824507449166,20.294588067854665,15.206575119708916,1
2021-03-31,0,0.295779134003754,0.6403580733166726,0.9880506914184783,0.6413959662463017,0.6120219644777353,1.3508753124532633,2.1012228051599116,0.0,0.4166666666666667,2.2282153523915627,10.121218002408016,10.969916872914217,8.534126938724425,1
2021-04-30,0,0.17638656580750242,0.6405560018440507,1.0203162045638385,0.612419590738464,0.5378196404790241,1.398385269618036,2.4829389082569753,0.0,0.3333333333333333,2.1634823456688372,18.94618614066612,12.662208692831431,12.93171261296471,1
2021-05-28,0,0.10658957705363133,0.5606595093903234,0.8563922697651651,0.5078804520697067,0.38650170148892454,1.1519374147512687,1.9108926555392811,0.0,0.25,2.3896370781480307,20.137341040100836,13.952895631742436,11.606141848220343,0
2021-06-30,0,0.0674041129756126,0.49244518103945545,0.7779312298517244,0.44592684128893084,0.2729362592495209,0.9230810912422052,1.6865408749411688,0.0,0.16666666666666666,1.7785680933564427,5.397257277811503,8.38450228513961,12.743064308748913,1
2021-07-30,0,0.0535754568563689,0.4010643449529021,0.7741515626453384,0.40959712148486976,0.2863003482327255,0.8997997031472246,1.6496880085176402,0.0,0.08333333333333333,2.364219418934936,10.656286089706246,9.267939618729788,10.734411894646477,1
2021-08-31,0,-0.005073776855372809,0.18812472718026801,0.6381410243440072,0.2737306582229675,0.22940553368223254,0.5581634403555433,1.1866611436008174,0.0,0.0,1.6467768147476383,5.550529539827671,6.494372238901999,7.768297825114688,0
2021-09-30,0,0.012196336369526072,0.1319262929029616,0.5916783326943886,0.2452669873222921,0.22283919881057568,0.47890528805161114,1.1764445668363486,0.0,0.0,1.4578846361916802,3.731629482226687,5.5280525646307765,8.15255700256531,0
2021-10-29,0,-0.021104390432247152,0.04970138104686965,0.46019536003541356,0.16293078355001203,0.23980074164958973,0.4472527136005217,1.062179486999207,0.0,0.0,1.655288811097152,9.849602627173974,6.923128237644571,8.628935054806027,0
2021-11-30,0,0.0068309612088498835,0.035956473395178726,0.3673086014248457,0.13669867867629146,0.22159322388187164,0.41134773713003137,0.9374165080213279,0.0,0.0,0.8047138414791726,4.369287197440645,6.006102110001181,7.7690367763653905,0
2021-12-31,0,-0.03898511806836297,-0.030408591876036558,0.16142757707068583,0.0306779557087621,0.21447651472585189,0.37004370968965067,0.6549446964681223,0.0,0.0,1.2112441573212274,1.4790344914819844,3.4607762052076967,4.174316125654141,0
2022-01-31,0,-0.020289009522644973,-0.023293557283735375,0.09917952839542689,0.01853232052968218,0.2209015035111947,0.3734785577829435,0.5665853006498283,0.0,0.0,1.4118294230609096,1.7358138766847535,4.137823318273426,4.8633459525961245,0
2022-02-28,0,-0.08883955608646563,-0.10790142893888284,-0.037297710928412775,-0.07801289865125376,0.20254966169098115,0.3063873396608213,0.43767425386470155,0.0,0.0,1.1522248981354115,-0.008496445772665485,0.6188419177354707,1.6845280008618644,0
2022-03-31,0,-0.066362534661776,-0.10198515419906716,-0.07267603520479263,-0.08034124135521191,0.22385340725959726,0.3359269157809026,0.4397485893597603,0.0,0.0,1.00447674774064,2.2592088403941366,1.0600210125324259,2.2783053095943315,0
2022-04-29,1,-0.01608100636030809,-0.07623543494753243,-0.06750139479339866,-0.05327261203374639,0.26355275247782617,0.35731464477878655,0.4515874827233217,0.0,0.0,1.045025108991419,6.357734295056682,1.817404695219555,3.117869836787751,0
2022-05-31,1,-0.10294437272407193,-0.15223570166028852,-0.1513759164810004,-0.13551866362178697,0.22917845945536275,0.34185473351580153,0.42732675815333304,0.16666666666666666,0.08333333333333333,1.1829001018244338,2.268795982566229,0.9710550936443254,2.9413897265917397,0
2022-06-30,1,-0.07477111634420358,-0.15106989665045656,-0.15964490224503422,-0.12849530507989812,0.22719114957247133,0.3569765670906201,0.4270123689960777,0.3333333333333333,0.16666666666666666,1.1069676205376862,1.4478895287392708,1.2563480379956193,2.0174749363554105,0
2022-07-29,1,-0.12204632382585137,-0.20609363069201486,-0.226568747399141,-0.18490290063900242,0.21417842421856503,0.3106742477951464,0.36913190626228737,0.5,0.25,1.0693462380170435,1.6535757198040284,1.13578869300003,1.069255417375936,0
2022-08-31,1,-0.0026853159301669753,-0.12563728538166902,-0.16934212136380075,-0.09922157422521223,0.22803751334493333,0.31896469014093065,0.38732198896006664,0.6666666666666666,0.3333333333333333,1.4588653145655042,2.991714727590117,1.5492501791320403,1.099000064598598,0
2022-09-30,1,0.023466085010394353,-0.11626025897121012,-0.16823462054304605,-0.08700959816795394,0.26757674999767633,0.32091725634600315,0.3810333644313806,0.8333333333333334,0.4166666666666667,1.3446435839768778,4.194388067728987,1.8957400667172661,1.1071261319776173,0
2022-10-31,1,-0.07473148265503647,-0.16585881705236644,-0.24276727888894015,-0.1611191928654477,0.23085300187182345,0.3019714534393838,0.3487228057621541,1.0,0.5,1.427466771473359,3.361736576479025,1.4958457680087982,0.9449844523652992,0
2022-11-30,1,0.02354757611688175,-0.07216914205432619,-0.1615533284543476,-0.07005829813059734,0.2499584308805004,0.360479600934407,0.41526323145961297,1.0,0.5833333333333334,2.1767771731992216,2.9585624707572262,3.062955924575353,2.1771201348516867,0
2022-12-30,1,0.0326110322026318,-0.008149333074691407,-0.12065469863610989,-0.032064333169389836,0.2678624378090777,0.37725075101198524,0.43636496098631206,1.0,0.6666666666666666,1.6519265906332834,3.512953771476779,2.4625929399838347,3.1884512739226087,0
2023-01-31,1,-0.016420357434751898,-0.03389264092585846,-0.15957587120629682,-0.06996295652230239,0.33022394062079946,0.46112376500401775,0.4529631520936391,1.0,0.75,1.6698202321131155,10.607794541848591,6.158244560755059,5.298888536384776,0
2023-02-28,1,0.11202072836624768,0.07182051911495396,-0.041229349114059316,0.047537299455714103,0.321995439749628,0.493377671003545,0.4547349046939032,1.0,0.8333333333333334,2.7903203139834347,7.963335048274585,11.918330193894075,4.423083040747967,1
2023-03-31,1,0.039960714798366284,0.07630103655615776,-0.027060302453864,0.029733816300220012,0.26538580063988937,0.4435300400577732,0.45562137636157063,1.0,0.9166666666666666,2.2395069486106363,6.218888815543342,8.143339339834515,3.239575762607823,0
2023-04-28,0,-0.018668064386120637,0.019505281031480498,-0.02342428406413516,-0.007529022472925099,0.2860261376595819,0.44802980454987396,0.5005727431716221,1.0,1.0,1.6039549259033696,4.720645577224047,6.499063904486,4.3118696897349915,0
2023-05-31,0,-0.03144966922924186,0.006788705399233354,-0.01564343708741043,-0.013434800305806313,0.25974288604388607,0.48267360931753367,0.5571389152304373,0.8333333333333334,0.9166666666666666,1.669099629121394,4.841535425121229,8.765143071315816,6.413624288539479,0
2023-06-30,0,-0.03650350305452863,0.016455549726199115,-0.018524175603245485,-0.012857376310525,0.273762136107232,0.4977031715969261,0.5637404200625672,0.6666666666666666,0.8333333333333334,1.8964876637287276,3.524891680135718,7.292138963832941,7.143373247397831,0
2023-07-31,0,0.05017251850233111,0.04220992468976001,0.07200566038238485,0.05479603452482532,0.278593619511023,0.46352203652285995,0.6178940187094397,0.5,0.75,1.8528312770095652,2.9666877585932356,4.048454562775182,9.543155826797996,1
2023-08-31,0,0.10833740268326487,0.07960155374235656,0.10975005365630043,0.09922967002730727,0.2914295576224572,0.4665941803603858,0.6187496173154643,0.3333333333333333,0.6666666666666666,1.8308259270521305,4.032855059189952,4.39531762346322,9.736834340380144,1
2023-09-29,1,0.023983738340430646,0.026355475470957693,0.06279800060517941,0.03771240480552258,0.2761946283919239,0.4218192897034798,0.6464059118684471,0.16666666666666666,0.5833333333333334,1.6398148786779867,4.817740623712275,3.335866504692781,13.04954177301982,1
2023-10-31,1,-0.047775232611925525,-0.030753465188570497,0.02426819519153375,-0.018086834202987425,0.2818838757128453,0.44141985320382543,0.7239773987564985,0.16666666666666666,0.5833333333333334,1.5644428883372055,9.66875067011873,7.486961328174663,15.375645957642616,0
2023-11-30,1,-0.11205721594583251,-0.07164146943636196,-0.07885026699711378,-0.08751631745976941,0.2780534541600608,0.41835711929545727,0.5966212445225014,0.3333333333333333,0.5833333333333334,1.7189568019037276,15.751629038288641,7.50194906188216,11.516865057410481,0
2023-12-29,1,0.0025273454060324788,0.01441866805070317,-0.008337625553805152,0.002869462634310165,0.3646391308281071,0.5239740387202759,0.6642707926097772,0.5,0.5833333333333334,1.8606586808357575,12.572705445032632,8.586731047399587,10.054888014992667,1
2024-01-31,1,0.15269550698268475,0.11138286576894063,0.11183378275469011,0.1253040518354385,0.40133912592121623,0.5613313956089392,0.7156999417803785,0.6666666666666666,0.5833333333333334,1.7652424527396875,7.806283845031717,6.805198696313146,8.861778713087265,1
2024-02-29,1,0.09864943845184593,0.06232328280223827,0.08014360832735476,0.08037210986047964,0.35842541905919856,0.5151718478472876,0.7054550357275284,0.8333333333333334,0.5833333333333334,1.7445803489308096,6.669287902029995,6.155908284303328,8.965352163611216,1
2024-03-28,1,0.13260323708148417,0.1210174502191543,0.17076317997216942,0.14146128909093594,0.404476464285681,0.591239334012827,0.7871927723067518,1.0,0.5833333333333334,1.8698808356705963,5.458625193184531,5.921453174055644,6.984167038815059,1
2024-04-30,1,0.1005246666939393,0.19869432750660274,0.21360801601772722,0.17094233673942308,0.36628605173362017,0.6507198851706513,0.8253348790046635,1.0,0.5833333333333334,1.9268830018796994,5.824519606642658,6.479782424664178,7.447628165550459,1
2024-05-31,1,-0.018692193554385065,0.13680321197323583,0.1056881191791027,0.07459971253265114,0.2947016828195652,0.5793224000956767,0.6949227352308491,1.0,0.6666666666666666,2.0372547330501307,4.98393117742183,5.407750550031332,5.762262673311621,1
2024-06-28,1,0.025004292750661156,0.16228867201266944,0.12761805526079995,0.10497034000804352,0.31575842373013735,0.5896791153180042,0.6939418000725908,1.0,0.75,2.325685818224083,5.564638308121549,5.11764891505265,5.049047383802938,0
2024-07-31,1,-0.010496114169783955,0.10912128679475425,0.09405317787861389,0.06422611683452806,0.2954917358020872,0.5601232033694252,0.6229607468284388,1.0,0.8333333333333334,2.3170507565635803,8.034590320361257,6.306193217488573,4.692710758595198,1
2024-08-30,1,0.0771261352822551,0.1342650585609103,0.2285992475184579,0.14666348045387445,0.3068768141372574,0.5269749126414819,0.6947048801320754,1.0,0.9166666666666666,2.4073399699266482,7.414858148049651,5.839072208618026,4.522105026012772,0
2024-09-30,1,0.055213954671025356,0.07869332178067896,0.2451903811310839,0.1263658858609294,0.29356639940099916,0.4980321216354957,0.7482658459045639,1.0,1.0,3.0766487191689444,5.035387509569472,5.072751129307987,5.468931154096576,0
2024-10-31,1,0.043735064057843887,0.09687934893725214,0.24613631930861718,0.1289169107679044,0.29553339974028675,0.5417196835343057,0.842017441733579,1.0,1.0,2.5328931819244382,7.048717881792204,6.3458426311826095,7.962560663968787,1
2024-11-29,1,0.02931861351942047,0.08251059688362242,0.22560576222461667,0.11247832420921984,0.29149704721257247,0.5067048156101305,0.9865793615007326,1.0,1.0,2.1626635329170556,4.388665206441185,4.936171388193543,15.700766929732465,1
