year,scope,n,mom_1,mom_2,mom_3,mom_4,mom_5,mom_6,mom_7,mom_8,mom_9,mom_10,mom_11,mom_12,pi
2011,overall,12000,15.557570153410692,12.729218361636901,12.001711150569468,34.10715801145739,12.126314696640303,10.571793280354054,12.376205281662795,22.24256309022689,10.417324264697163,15.955512364629842,76.69444265412076,49.59185306919698,98.96358612091569
2011,calm,7000,5.172733883924973,5.698783369807145,4.502672375070725,14.945080337384782,5.869036426322836,3.9836890017664452,3.558490421088332,11.158823515933294,4.211823903745879,6.688690671472365,47.146372190787694,30.893041519364456,56.023462357130875
2011,panic,5000,10.384836269485728,7.030434991829806,7.499038775498746,19.162077674072613,6.257278270317391,6.588104278587599,8.817714860574485,11.083739574293606,6.205500360951247,9.266821693157475,29.54807046333306,18.69881154983256,42.940123763784904
2011,long_leg,1200,2.5316652143904608,1.7165156728811635,2.06493033795627,5.188122821425161,2.233334247186499,1.4118137851251804,1.9541750899581969,3.8724121566806375,1.8359763227543546,1.7816960631740812,18.360952099365765,11.435457446746108,13.285012742303474
2012,overall,12000,9.993956841537868,13.531281383689397,6.796511724344685,25.062054083039005,10.096780758216937,9.300055048513569,9.786422587402653,19.465037316128324,8.94144150672645,28.470758510741558,55.4457546771986,43.79336606251812,217.53355133115969
2012,calm,9000,7.2751539015089675,9.669119449680778,5.016382747398697,17.282383787829158,7.433774392462475,7.047862949316144,6.297610698076165,13.598895859349255,6.300899266077857,18.803146841585686,43.025504013703156,32.636794797968115,159.628651403579
2012,panic,3000,2.718802940028878,3.8621619340085607,1.780128976945968,7.779670295209827,2.663006365754519,2.252192099197427,3.488811889326517,5.866141456779058,2.6405422406486005,9.667611669155994,12.420250663495601,11.156571264550175,57.904899927580196
2012,long_leg,1200,1.6565041004317378,2.2914881542604504,1.718641045011282,5.831480081145101,2.3643102019346633,1.6111899934950689,2.583424108884248,4.40516530341673,3.6189839386407225,8.34789274838022,11.934986274093333,10.70808688775295,23.36597400998603
2013,overall,12000,9.138088317658447,8.642654391351263,4.810374071696236,21.00419483031617,6.95599059727659,5.315580702068555,6.1571560913649055,14.900934556420964,6.4345437596503,17.53988677533075,76.65306711263098,51.12150224681758,117.43631007705551
2013,calm,12000,9.138088317658447,8.642654391351263,4.810374071696236,21.00419483031617,6.95599059727659,5.315580702068555,6.1571560913649055,14.900934556420964,6.4345437596503,17.53988677533075,76.65306711263098,51.12150224681758,117.43631007705551
2013,long_leg,1200,1.0839203375291695,1.1054695247357824,1.0209200822542146,3.2229673644538552,1.3323946673937521,0.694400271236893,1.0857123488186693,2.7065888759803807,1.3068825197357592,2.2753902689018997,14.562429714712696,9.56115763212164,13.434366094356085
2014,overall,12000,8.441624366860525,10.98946449053667,4.417819257228137,20.903725605702874,7.10602414762802,4.559055441250624,5.585518582442896,16.08099838645214,5.305435621353547,10.89617511945924,62.66468918635512,48.46126426971303,149.99478321581682
2014,calm,12000,8.441624366860525,10.98946449053667,4.417819257228137,20.903725605702874,7.10602414762802,4.559055441250624,5.585518582442896,16.08099838645214,5.305435621353547,10.89617511945924,62.66468918635512,48.46126426971303,149.99478321581682
2014,long_leg,1200,1.0171580607936141,1.660490962208314,0.9273494444735968,4.2564701958346305,1.330737883927669,0.6584687198592674,1.1202390976327103,2.3375010254435424,1.195456794794532,1.605045724442182,12.625435376685791,8.853904958716152,16.049501479391143
2015,overall,12000,9.893424236380087,10.49787197790421,6.729378849394548,31.061241618336282,10.072627586873848,7.715784514593744,11.385226776585018,21.580582160734817,7.0168918422941795,17.311280529180955,39.123890842669724,37.57888946451241,224.69799365485108
2015,calm,9000,6.864304565579692,6.776337933490543,4.820996990067885,19.967437808407343,6.956231396038013,5.501363015543579,8.191453577039047,15.018885242758197,4.948835986289933,11.97602646175886,27.87541642248971,26.130468641497156,167.02077062809346
2015,panic,3000,3.0291196708003927,3.721534044413731,1.90838185932667,11.093803809928962,3.116396190835798,2.2144214990501805,3.1937731995459244,6.561696917976644,2.068055856004247,5.335254067422062,11.248474420180044,11.448420823015196,57.67722302675762
2015,long_leg,1200,1.6252035433673773,1.7184162668208756,1.4920008286635649,7.057210486654417,2.013551474796367,1.5730281851238568,2.744879038179757,4.494408950848536,2.1532895104027507,3.652327538500836,6.7927637078479775,6.666545772194845,24.291288873797697
2016,overall,12000,13.894195163392855,10.575856592421864,8.71292056942999,26.590311518898137,8.361399222440816,7.780953975317016,11.248178700709559,23.61005519380353,8.759570569413729,23.658875662274845,44.077668487345456,39.33972518543427,122.48368197294941
2016,calm,9000,7.226345389203035,6.288428028444435,4.649983089076539,17.011880497334968,5.140997174189046,4.867562470786046,5.340624905374654,13.843768476466064,4.560360893655351,13.514830846516231,32.82651920385258,27.599964688432514,85.27934858917544
2016,panic,3000,6.667849774189786,4.287428563977402,4.062937480353447,9.57843102156329,3.22040204825181,2.9133915045309395,5.90755379533485,9.766286717337286,4.199209675758384,10.144044815758667,11.25114928349285,11.73976049700187,37.20433338377415
2016,long_leg,1200,2.7950100336436177,2.2840798831007665,2.315667139513248,5.812448651989216,1.9690728380432279,1.8032408368419723,3.3614604749739496,5.201456248587495,2.8411810696430466,5.841839337665307,6.988058538330434,8.196615759141121,14.310411532624885
2017,overall,12000,6.671853504430314,5.064555809791113,3.388725772668651,17.24175539147902,5.967938493021991,5.906471483872171,5.095875245604045,18.686237969763226,6.079289543706646,11.685338246629438,48.66079441708567,34.442614930143655,34.784610882954475
2017,calm,12000,6.671853504430314,5.064555809791113,3.388725772668651,17.24175539147902,5.967938493021991,5.906471483872171,5.095875245604045,18.686237969763226,6.079289543706646,11.685338246629438,48.66079441708567,34.442614930143655,34.784610882954475
2017,long_leg,1200,0.8374130545085636,0.6821414723211391,0.619365395042176,3.5211333320878557,1.3058800740153995,0.7948921983453759,0.9237583199481199,3.0069107336716305,1.1876812424623044,1.8084387419828525,7.43133363397828,5.222695629187609,4.226825736127763
2018,overall,12000,9.937330700206692,6.792634756767985,5.202041660518931,19.328289158404765,9.573453869572452,5.3292199079262295,6.605774597767144,19.844973489969693,5.790852474721401,15.13225080383062,52.61166683298343,36.4175966223769,117.08035479957061
2018,calm,7000,3.852150076376501,2.859743952208994,2.5974530325463148,8.850220548784476,5.265367715305879,2.9315508701210207,3.437030631498323,11.571641869684191,3.069331368961753,6.844734338187385,31.54163523459275,21.667421084048698,60.71145854449556
2018,panic,5000,6.085180623830187,3.9328908045589905,2.604588627972571,10.4780686096203,4.308086154266603,2.3976690378052177,3.1687439662688326,8.27333162028541,2.721521105759597,8.28751646564331,21.070031598390436,14.75017553832807,56.36889625507484
2018,long_leg,1200,1.3612000078871425,1.0440625869797107,1.4438312686013435,4.654612735120153,1.9982145244496679,0.9378611344239588,1.4618543700411033,4.366052304800181,1.4952771728293714,2.642212223930832,9.075036538269456,5.169071872321252,14.091817191510922
2019,overall,12000,10.992189819637797,7.720018812685093,7.063373764029567,22.14803732311057,10.602887283388437,6.750954552145055,8.307950594368169,23.172582624416123,9.003071351817301,22.842367177899504,49.53626074689743,35.04965582093247,169.64410305317767
2019,calm,9000,6.569405380899631,5.640519654145297,4.748345446920124,12.512503165823627,6.940231749504427,4.513339797598556,5.483127322112979,15.684762254863541,6.610460508644171,16.449145069631648,37.75826455628769,26.20047814026604,101.05292734972991
2019,panic,3000,4.422784438738135,2.079499158539816,2.3150283171094364,9.63553415728685,3.66265553388397,2.237614754546483,2.82482327225514,7.487820369552671,2.3926108431731277,6.393222108267834,11.777996190609704,8.849177680666612,68.59117570344814
2019,long_leg,1200,1.3750789016301785,0.9836863796056721,1.882737932153152,4.045374062088076,2.014032486543942,1.1725572954860009,1.6057975696229212,3.810770505495382,1.4505057250427182,3.0685001659639157,10.645469590558672,6.795931672979038,21.066182465602328
2020,overall,12000,26.015931370972794,15.329589492494312,22.444593908599114,33.489274442114024,19.634409199462795,13.176817573885542,23.31364468162648,33.680343307430014,12.907960298584207,31.717301617687543,64.55344239516702,55.380253149352846,201.5764986269215
2020,calm,7000,6.6236468996125755,4.8641783133122996,10.402131471241987,12.21046614560137,7.4784080767319825,7.478184772539001,12.590068699377568,17.3566623223793,7.491200223158808,18.20715820838993,38.57618120680599,32.17042802466838,131.21883992522723
2020,panic,5000,19.392284471360327,10.465411179182034,12.042462437357194,21.278808296512295,12.156001122730748,5.698632801346556,10.723575982249061,16.323680985051006,5.4167600754253815,13.510143409297601,25.97726118836133,23.209825124685,70.35765870169317
2020,long_leg,1200,7.231994681495037,4.853257047236688,8.060286632837572,7.568710527082188,4.806114415287321,2.7830746525639243,6.724363981361105,10.109679399110483,3.727901230149248,7.562509215827203,14.320360250288712,12.996116824636896,31.13832661121461
2021,overall,12000,9.886566869035619,6.02636807408508,10.808155139414099,22.94236699979984,12.063947984717906,9.860156750367217,13.143589890032876,18.005825699108154,13.308811673884454,15.376157938247475,82.75779971389997,70.98627238049244,123.25896206043917
2021,calm,12000,9.886566869035619,6.02636807408508,10.808155139414099,22.94236699979984,12.063947984717906,9.860156750367217,13.143589890032876,18.005825699108154,13.308811673884454,15.376157938247475,82.75779971389997,70.98627238049244,123.25896206043917
2021,long_leg,1200,1.5336020402745594,1.8252476728960865,2.4695192632613425,4.312370248532075,2.212252399911035,1.8557066874841819,2.370778877070925,3.1319272836744902,2.4824578290400905,2.8333783273271225,18.361745631366997,12.862489607463568,16.272886383558063
2022,overall,12000,42.11861809143102,12.47640347822783,14.754934951803381,36.51502710923599,22.557743664995385,21.671602942162693,24.72486157616982,57.76424493562751,29.147331454552333,42.21760931318074,49.76260427256623,53.14371740857297,121.75197616604041
2022,panic,12000,42.11861809143102,12.47640347822783,14.754934951803381,36.51502710923599,22.557743664995385,21.671602942162693,24.72486157616982,57.76424493562751,29.147331454552333,42.21760931318074,49.76260427256623,53.14371740857297,121.75197616604041
2022,long_leg,1200,8.07811297592298,3.06259862431223,3.861163871949985,10.53949080646969,6.1517039387513215,6.204797418051118,8.259420971570636,22.730303194042243,12.496591688963207,16.626223664234338,9.78453514749495,15.873080275538154,15.847378506750232
2023,overall,12000,15.23048625505457,8.529410510300602,9.072056355154121,18.252846568373045,12.025164623298922,8.311623013832182,10.815515643140822,21.539731663466647,17.92659102402167,15.44156309538181,27.86122771669293,32.701513495295124,84.94061790849088
2023,calm,8000,8.010392934586744,5.328361357866251,5.973552457064903,12.794578460717974,8.41012740444687,5.192560144875453,6.981675775348238,13.48947932443591,11.55533084933751,8.748831683757682,17.175535944572534,19.65253193103686,72.69426124448391
2023,panic,4000,7.220093320467877,3.201049152434346,3.098503898089202,5.458268107655004,3.615037218852085,3.119062868956687,3.833839867792596,8.050252339030754,6.371260174684194,6.692731411624169,10.68569177212038,13.048981564258273,12.246356664007203
2023,long_leg,1200,1.8492216986418444,1.956875811066016,2.3325741714665664,3.0009945745887334,1.8143873105938884,1.6815007178914616,1.706634099250554,3.429867007165212,3.159158176573519,2.385573087936283,5.013256551027856,6.080445480774878,11.757902284166674
2024,overall,12000,13.373140374814522,10.421586921266648,12.11511772241432,14.963448294017283,10.999117058564966,10.931319688139926,7.958141851765264,16.78593358534961,8.951420227921373,17.417310226775754,40.394080295088585,42.87985428867347,164.2446442993635
2024,calm,12000,13.373140374814522,10.421586921266648,12.11511772241432,14.963448294017283,10.999117058564966,10.931319688139926,7.958141851765264,16.78593358534961,8.951420227921373,17.417310226775754,40.394080295088585,42.87985428867347,164.2446442993635
2024,long_leg,1200,1.5037384820710324,2.720165369020192,2.6202863611836014,3.0483931975646814,1.7029782178420871,2.0548140809142246,1.3446093813541342,3.0558101296932905,2.0895420315575106,2.8949918735559863,7.5804327697666505,7.394924071734139,19.517384788751524
2025,overall,11000,15.168775670725159,9.815554226490118,15.79713226056958,22.792011253356392,17.250476118481185,9.064411320450635,13.94370113248293,22.52629414119166,9.938502927080615,21.129901226129924,33.31942656872294,37.60929894274007,158.4411453885009
2025,calm,9000,11.195282006743982,8.209134045874261,11.16627277162292,17.27235601465668,13.578719055530597,7.148265702279848,10.711780591950616,18.729194935303305,8.003246662950934,17.83534914984982,26.290943438861422,30.86742722813307,91.70141911577906
2025,panic,2000,3.9734936639812113,1.6064201806159026,4.630859488946652,5.519655238699749,3.6717570629505976,1.9161456181707663,3.2319205405322755,3.7970992058885007,1.9352562641296842,3.294552076280105,7.028483129861583,6.741871714607242,66.73972627272215
2025,long_leg,1100,1.7360507903390678,2.7048993993625285,2.3343369772647606,3.5984865002865636,2.293854810893887,1.5255997698498807,2.2058837673969665,4.33889450130604,2.228010296862551,3.247659639054669,5.689134301828865,6.7125976436392945,16.28836303074423
