date,strat_ret,bench_ret,mom12_ret,pi,year
2000-01-31,0.3576869658625716,0.007749632594192802,0.3419466716971986,1.0,2000
2000-02-29,-0.13872857534661193,0.07961499739386552,-0.13772827659077239,0.47981952020509283,2000
2000-03-31,-0.09151896142303133,-0.04051942555639443,-0.14190979208958449,0.03651796703482835,2000
2000-04-28,-0.14672153523234197,-0.03205449611281265,-0.15610241005772035,1.0,2000
2000-05-31,0.13908486559419053,0.03314390721516968,0.1584618487269624,1.0,2000
2000-06-30,-0.0907470402008092,-0.017854849395362214,-0.0730375403032717,1.0,2000
2000-07-31,0.22181457272102983,0.07320660149233982,0.22918943442673018,1.0,2000
2000-08-31,-0.031173529611060187,-0.04700127733733207,-0.05317373910753543,0.07539022304109266,2000
2000-09-29,-0.1444028274089916,-0.014028482504320434,-0.1470561694601689,1.0,2000
2000-10-31,-0.3221678956922393,-0.09454693947421691,-0.32440949969079647,1.0,2000
2000-11-30,-0.016873978255273644,0.013501156078989586,0.06779897368805174,1.0,2000
2000-12-29,0.1922068014803533,0.02834952458559402,-0.05971332658755833,1.0,2000
2001-01-31,-0.18416755348717098,-0.09497996217907073,-0.07472371519477401,1.0,2001
2001-02-28,-0.12435336287136327,-0.06816051025712908,-0.0775750104599862,1.0,2001
2001-03-30,0.1699740727252837,0.08224518760309558,0.045821788457274686,1.0,2001
2001-04-30,-0.06922573226561834,0.006787687623471865,0.02548637825104275,1.0,2001
2001-05-31,-0.050162381977836484,-0.020870511564607265,-0.009639543048322676,1.0,2001
2001-06-29,-0.02283673997778451,-0.014394942961649405,-0.027451424366526193,1.0,2001
2001-07-31,-0.15601612838594126,-0.06286302155385468,-0.03664131336430983,1.0,2001
2001-08-31,-0.20494453486153258,-0.08396643432234478,-0.047984489914605945,1.0,2001
2001-09-28,0.12713462996088234,0.022133878091296334,-0.026356073964590682,1.0,2001
2001-10-31,0.2152609116445546,0.07714676933924047,0.041108285002811856,1.0,2001
2001-11-30,0.035736222829808505,0.012654075104013757,0.029229255464023506,1.0,2001
2001-12-31,0.02131105866618388,-0.012274062590798492,-0.017430312976547672,1.0,2001
2002-01-31,-0.058415558851617866,-0.0195052327663301,-0.06817974323457392,0.9999770842754698,2002
2002-02-28,0.022386352680674775,0.04035647355434653,0.038380290412788565,0.999999958796515,2002
2002-03-28,-0.12562806693528386,-0.05509428154286935,-0.000619610599277062,0.9965282475833896,2002
2002-04-30,-0.019828911936865312,-0.009858613706013989,-0.01504905987882883,0.9999999958095899,2002
2002-05-31,-0.08307472104941745,-0.0721030718188004,-0.02618833122609997,0.9999999587148584,2002
2002-06-28,-0.04524634332326707,-0.07397075329139748,-0.08686812055262616,1.0,2002
2002-07-31,-0.0290674321519133,0.007062591340926958,0.014353134207874055,1.0,2002
2002-08-30,-0.170560685862833,-0.10323564266254653,-0.01626118198360877,1.0,2002
2002-09-30,0.08781693875049498,0.08301944357544788,0.012147836892564915,1.0,2002
2002-10-31,0.07779364129636575,0.05663847783928207,0.019515593535020366,1.0,2002
2002-11-29,-0.03210615657789505,-0.05718157099308897,-0.036151312846333716,1.0,2002
2002-12-31,-0.018286041030350336,-0.02631594518786694,-0.013497035336533606,1.0,2002
2003-01-31,0.024372432042742028,-0.017420467345007587,-0.014781708005158992,1.0,2003
2003-02-28,0.005799421001440234,0.012135588738968762,0.02152519839943757,1.0,2003
2003-03-31,0.1493371461459475,0.08069715128622723,0.046155918171605685,1.0,2003
2003-04-30,0.12076373138710352,0.056862327491785505,0.0633113016978229,0.9999999989466792,2003
2003-05-30,0.01972218111694222,0.01352069102924882,0.01998105963982306,0.3116752412301666,2003
2003-06-30,0.05187249955426001,0.020186040986262983,0.03368364798943313,0.0187006838385957,2003
2003-07-31,0.030754470639870364,0.02220786264421125,0.013215759773405451,0.00243397085032251,2003
2003-08-29,-0.007682868515178304,-0.012301040905752583,-0.015692536531247296,0.0017745303975133873,2003
2003-09-30,0.06003652275919053,0.05859896474062336,0.10677163879507938,0.0019016519230602492,2003
2003-10-31,0.0029267435488695356,0.012453512330062207,0.030142991853529855,0.0017532442862706857,2003
2003-11-28,0.02005718792818547,0.045409446486137206,-0.021014424995846333,0.0017473275526582908,2003
2003-12-31,0.031580433096433394,0.019460030536290376,0.026717268529040165,0.0017470915638630792,2003
2004-01-30,0.012331303185076184,0.015290691360536134,0.00771966324769613,0.0014996187445776754,2004
2004-02-27,-0.009639197475600032,-0.013864440095724845,-0.0029715608487213144,0.0014996185292197647,2004
2004-03-31,-0.05962472674668879,-0.015537578909033624,-0.06156082902899512,0.0017353204854512613,2004
2004-04-30,0.05319541452882278,0.012569594632862719,0.02846960498350238,0.009850352167513354,2004
2004-05-28,0.023452839796540968,0.01744348137093282,0.02362338510641794,0.0034549659243875725,2004
2004-06-30,-0.09468702619124304,-0.036296568007259784,-0.08476544075995537,0.0015669229155264009,2004
2004-07-30,-0.01743453619992021,0.0029958872089304615,-0.0180737508754095,0.014063318647964512,2004
2004-08-31,0.07654301259923031,0.013669286531848533,0.07480758866197687,0.013308016942304166,2004
2004-09-30,0.03799116142250986,0.0143711756036489,0.02616868883650918,0.0026506569425962007,2004
2004-10-29,0.025232366575054264,0.042645346531032746,0.08932895969224339,0.0015392141037823908,2004
2004-11-30,0.04240573081049773,0.03514110000727557,0.020037332125218146,0.00150097967821749,2004
2004-12-31,-0.014638433730065844,-0.02379594449904673,-0.04194710855905868,0.0014996653248972478,2004
2005-01-31,0.053435301060178526,0.021248870129236323,0.03543556728369813,0.0038627770753789305,2005
2005-02-28,-0.010871702673720611,-0.01638789942063724,-0.017426131743488973,0.0014428662687577748,2005
2005-03-31,-0.05915428040189951,-0.02002601154908004,-0.05443538673895462,0.002600880144573232,2005
2005-04-29,0.052936830242860555,0.03570628206530706,0.05511104069061868,0.040035545309500806,2005
2005-05-31,0.03635804270981306,0.004238540535891686,0.05668237818148018,0.003024655913312575,2005
2005-06-30,0.053619337388170284,0.038918172005188295,0.06814264337306916,0.0014061319610129072,2005
2005-07-29,0.0027121771418779877,-0.008303183058634396,0.014325147579592485,0.0013502311301714198,2005
2005-08-31,0.028156242776300577,0.007986839772857534,0.02705242432497107,0.0013786944974837592,2005
2005-09-30,-0.017139144524910728,-0.015634872600452692,-0.02631547714277807,0.0013492829094684559,2005
2005-10-31,0.041290954941860254,0.03832169002130381,0.043074923458385345,0.002508699091038006,2005
2005-11-30,0.0089311100099822,0.0005115390707437159,0.027596336966598387,0.001388279882861434,2005
2005-12-30,0.08282612999224206,0.02797154403397769,0.075647765528887,0.0013496147529063426,2005
2006-01-31,-0.03214879771154462,0.0009388662526146887,-0.07237000158651864,0.0012321055454789299,2006
2006-02-28,0.0010219172629977883,0.015491970432356703,0.04317321342326093,0.0012209057019919739,2006
2006-03-31,0.011003140531409127,0.011642370148680439,0.01579059931449324,0.0012316770733960163,2006
2006-04-28,-0.06085781228667605,-0.029097695969553403,-0.09136420516108057,0.0012320492712255963,2006
2006-05-31,0.02136081143747204,0.0014386048381113553,-0.009347780766465833,0.005424839457230321,2006
2006-06-30,-0.04706576210838908,0.0001910564967676099,-0.05792770073539278,0.006306193850331718,2006
2006-07-31,0.017108353588222946,0.023887452872038428,-0.02676620442349064,0.007877789984439618,2006
2006-08-31,0.021886413499130574,0.023674415982246837,0.015626273751998383,0.0015715771249841242,2006
2006-09-29,0.0532329180428446,0.03365892102624646,0.05237116605500586,0.0012437908258066273,2006
2006-10-31,0.0629225774904645,0.020011930982771563,0.018223676942928778,0.0012324677151536155,2006
2006-11-30,-0.009679613562997546,0.01296756016605875,0.0028898397804120487,0.0012320765927692724,2006
2006-12-29,0.03633397089694401,0.018820806751747958,0.03450487099575293,0.0012320630796768947,2006
2007-01-31,-0.016870539506818404,-0.016896882792167608,-0.028279043256808627,0.0011342555637497372,2007
2007-02-28,0.007340995619040657,0.011391843679899882,0.03690778362668479,0.001436274794566044,2007
2007-03-30,0.050073386173003186,0.04200385104890614,0.031465531924400186,0.0011343437011764386,2007
2007-04-30,0.02002405188332204,0.03622933546736169,0.06242713157853965,0.0011342584731994397,2007
2007-05-31,-0.024097764943572873,-0.016391877204245234,-0.016068878194217907,0.0011342556457064053,2007
2007-06-29,-0.0372040774146214,-0.03041502187171528,-0.016298376006590457,0.0014846729306377128,2007
2007-07-31,0.015939615158867906,0.014482799570517521,0.022205941726072497,0.039289125150567775,2007
2007-08-31,0.08766029046756556,0.03765946985749622,0.08526142470350681,0.017766976093371155,2007
2007-09-28,0.010850138597477266,0.021615288317344755,0.08492985411822455,0.0017117199365175397,2007
2007-10-31,-0.09620390067130871,-0.041804702588348744,-0.07003294453751503,0.0011540279272279057,2007
2007-11-30,0.04354814321724912,-0.006338072681833493,0.04327741577036156,0.06639666135528687,2007
2007-12-31,0.004834690009415057,-0.060383432723752795,-0.14559212983561357,0.32315100934365293,2007
2008-01-31,-0.03938476316883712,-0.02895023936190784,0.029116916645057767,0.9999999437637038,2008
2008-02-29,-0.01587459387714308,-0.006996788109637936,-0.004772821308970501,0.9999999999994899,2008
2008-03-31,0.08800555335764343,0.04892091430958414,0.113862164066852,0.9999999999999926,2008
2008-04-30,0.06521791165116245,0.017713747437997987,0.07215566676237999,0.9999995350394114,2008
2008-05-30,-0.04639481345765352,-0.08179990579206883,0.007176951560154553,0.9997353972419945,2008
2008-06-30,0.019993118244179146,-0.009216607644081493,-0.1205995089846918,1.0,2008
2008-07-31,-0.0021929398622728357,0.014177805754458268,-0.03520580088077869,1.0,2008
2008-08-29,-0.2201892928737706,-0.0901911002556286,-0.2062358605329242,1.0,2008
2008-09-30,-0.209257430185746,-0.16759433258816678,-0.16344973524391462,1.0,2008
2008-10-31,-0.14090030836876163,-0.07422291648205212,-0.07598565920151616,1.0,2008
2008-11-28,0.07283674789127745,0.015122447251596834,-0.0010501328408621924,1.0,2008
2008-12-31,-0.16209961632586295,-0.08021582679126552,-0.10455313939602479,1.0,2008
2009-01-30,-0.1188287465187296,-0.09982278096998858,-0.042721313360288476,1.0,2009
2009-02-27,0.17486172567723862,0.0881584674484377,0.038710447326033695,1.0,2009
2009-03-31,0.238327478052616,0.09392514711468371,-0.011112681083240534,1.0,2009
2009-04-30,0.05382600843474338,0.05180967830513235,0.005343236222764179,1.0,2009
2009-05-29,-0.003597616457033866,0.0027564896696439913,0.041325303014125944,1.0,2009
2009-06-30,0.08037011333473025,0.07554593909950529,0.03835763191537,1.0,2009
2009-07-31,0.02389862350599196,0.032877415265033946,-0.005680022565437056,1.0,2009
2009-08-31,0.08211257465940537,0.0387794520954509,0.04566130268416096,0.9999987355640312,2009
2009-09-30,-0.06803342216774409,-0.02210608253388783,-0.04273540797958757,0.33191433442415774,2009
2009-10-30,0.06751232069861993,0.05815405132355224,0.059015673162559915,0.055013031956162806,2009
2009-11-30,-0.0015829650901776088,0.02330395367077563,0.03829639876967408,0.00366521405863342,2009
2009-12-31,-0.03095121200878958,-0.0339790577551769,-0.06694359178495035,0.00151698809005615,2009
2010-01-29,0.07102308109979177,0.03316554547007546,0.06474785812174971,0.008329503562308424,2010
2010-02-26,0.09081617744810673,0.06169658481137795,0.09390304107866726,0.0016961718185718286,2010
2010-03-31,-0.0013360717736909367,0.016426511197460133,0.04012647079583612,0.0014781431855379126,2010
2010-04-30,-0.07658112830072968,-0.07896364797727898,-0.10542732242094555,0.0014689690707390354,2010
2010-05-28,-0.05589435727424895,-0.05353443846153638,-0.09515439887923119,0.9439553999417868,2010
2010-06-30,0.09659260747543869,0.06986093554596351,0.08216398384134278,0.999999999943578,2010
2010-07-30,-0.05179371079671954,-0.0451133427192104,-0.05673752718328282,0.9951178475281788,2010
2010-08-31,0.11872339091233981,0.09315892024331152,0.13677330040816865,0.9999998963097088,2010
2010-09-30,0.05577890269570057,0.03871950066557256,0.05827197993426586,0.45393467470658266,2010
2010-10-29,0.06912213948709965,0.003790020808308764,0.06683530260629218,0.03299301048723592,2010
2010-11-30,0.07040711625785796,0.06658198560362716,0.035262116478492145,0.0028324684145742216,2010
2010-12-31,0.010840341826404348,0.021745086567140578,0.004968607293340463,0.0015260189666666574,2010
