permno,avg_wt,pct_months,avg_wt_when_held
10107,0.03268642063465466,0.3592814371257485,0.09097720409978881
14593,0.03090753517915604,0.33532934131736525,0.09217068526641177
84788,0.02364101014276784,0.30538922155688625,0.07741271948710253
86580,0.019363200733274848,0.3772455089820359,0.05132784956280793
50876,0.019196651343564967,0.4491017964071856,0.04274454365833799
92611,0.017109944183542263,0.4311377245508982,0.03968556498127164
91233,0.016202883045550207,0.4311377245508982,0.03758168706398451
13407,0.015565131106281776,0.2155688622754491,0.07220491374302934
92655,0.012735001993708119,0.32335329341317365,0.03938417283239363
90319,0.012622202266813884,0.17964071856287425,0.07026359261859728
66181,0.012323583697357544,0.3592814371257485,0.0343006412909785
11850,0.011930790950913197,0.1437125748502994,0.083018420366771
12490,0.011105147906492727,0.17964071856287425,0.06181865667947618
55976,0.010791715144114478,0.23353293413173654,0.046210677668387636
43449,0.010709841888383153,0.33532934131736525,0.031938278488571184
14542,0.010628759568633446,0.16167664670658682,0.06574084622080686
22752,0.009626552444914985,0.2155688622754491,0.04465650717502229
21936,0.009385830194557934,0.17964071856287425,0.05224778808303916
47896,0.009368730866187662,0.16167664670658682,0.05794733535753109
48725,0.00898358242950751,0.33532934131736525,0.026790326173709893
14541,0.00866999243353894,0.1437125748502994,0.060328697350041795
66093,0.008332417851100863,0.16167664670658682,0.05153754744940164
20482,0.008329258260401162,0.32335329341317365,0.025759002397907297
87055,0.008106794473159522,0.41317365269461076,0.01962079242054551
83443,0.008013638487905636,0.2155688622754491,0.03717437854111781
93436,0.007798803160187288,0.1437125748502994,0.05426667198963655
93002,0.007625847122168748,0.16167664670658682,0.04716727664452522
38703,0.007471406917878351,0.1437125748502994,0.05198853980357019
77702,0.007277979306189917,0.33532934131736525,0.02170397400238779
19561,0.007138848939247336,0.2155688622754491,0.0331163270237307
92602,0.006898857888613499,0.2155688622754491,0.03200303520551262
18163,0.006857908283408702,0.10778443113772455,0.0636261490738474
77274,0.006673622052726127,0.2155688622754491,0.03095819118903509
21178,0.0064113545069703235,0.3592814371257485,0.0178449367110674
89393,0.00630397865014524,0.3413173652694611,0.01846955148375886
26403,0.006210095241764459,0.1437125748502994,0.04321191272394436
13901,0.006005032053863378,0.19161676646706588,0.031338761031099505
75510,0.005928095827125932,0.3592814371257485,0.016499866718833845
13856,0.005797204967959288,0.2155688622754491,0.026892589712477807
17778,0.0056046787559307755,0.17964071856287425,0.031199378408014653
22111,0.0054735519498407695,0.0718562874251497,0.07617359796861738
17005,0.005347950028284138,0.2155688622754491,0.024808545964540307
91937,0.005110610450403168,0.2994011976047904,0.01706943890434658
15579,0.004994607281264733,0.25149700598802394,0.01985950990407644
11308,0.004948341970802349,0.10778443113772455,0.04590961717355513
24205,0.004920778883984349,0.25149700598802394,0.019565954133937767
15488,0.004758068383754872,0.17964071856287425,0.02648658066956879
59408,0.004666700172955709,0.10778443113772455,0.043296607160200194
78975,0.0044740290028138,0.33532934131736525,0.01334219363339115
12060,0.004468245845364369,0.16167664670658682,0.027636928006512945
18542,0.004437683571284551,0.2155688622754491,0.02058592101123667
86783,0.004249446004209132,0.25149700598802394,0.016896606731022022
65875,0.004083024190952089,0.10778443113772455,0.03788139110494439
40539,0.004062059315470316,0.30538922155688625,0.013301253052618485
18411,0.003964400377846182,0.2634730538922156,0.01504670143409801
13928,0.003963068170603013,0.17964071856287425,0.022061079483023438
89525,0.0038657644700783567,0.1437125748502994,0.0268992777709619
13721,0.0038396920400930066,0.1437125748502994,0.026717857112313836
10104,0.003829743939618106,0.10778443113772455,0.035531513217567985
24766,0.0037523271285942804,0.3592814371257485,0.010443977174587414
69032,0.003671437375155078,0.17964071856287425,0.020437668055029935
57665,0.0036537561137465592,0.1437125748502994,0.025424052958153143
70519,0.0035981233715664486,0.10778443113772455,0.03338258905842205
19393,0.0035863004887363836,0.17964071856287425,0.019963739387299204
62092,0.0035307480868231205,0.2155688622754491,0.016378748069429475
89179,0.003519872977789812,0.2874251497005988,0.012246224735227055
49680,0.003508414717251249,0.2155688622754491,0.01627514604947107
90215,0.0034899955965545758,0.15568862275449102,0.022416510177869775
12308,0.0034072849965180786,0.25149700598802394,0.013548014152821884
19350,0.003265804161327239,0.17964071856287425,0.01817964316472163
14008,0.003194748670026302,0.16167664670658682,0.019760112144236758
59176,0.0030121361058035234,0.16167664670658682,0.018630619617377348
79103,0.002928993316354165,0.5149700598802395,0.005687696323617972
27959,0.0028918944130692436,0.2155688622754491,0.01341517686062677
64186,0.0028873067163149705,0.2874251497005988,0.010045421283845835
76605,0.002805169754454967,0.40718562874251496,0.006889166896970286
76614,0.002791495704372776,0.30538922155688625,0.0091407800515736
12052,0.002790079986758403,0.23353293413173654,0.011947265584324443
64390,0.002775905561787239,0.30538922155688625,0.009089729976832724
11552,0.0027368624245040817,0.1437125748502994,0.019044001037174237
14702,0.002728196620440949,0.2155688622754491,0.012655800989267735
13447,0.0026314020270303737,0.2874251497005988,0.009155086219043174
76744,0.0026030587706337986,0.2694610778443114,0.00966024032657432
10696,0.0025785848106420666,0.39520958083832336,0.006524600960260987
89006,0.002543327014844273,0.1437125748502994,0.017697317144958067
77418,0.0025323938164742237,0.1437125748502994,0.017621240306299805
86946,0.0025070273007099537,0.17964071856287425,0.013955785307285409
81061,0.002459447976295464,0.23353293413173654,0.010531482360034424
76076,0.0024572103406312854,0.0718562874251497,0.034196177240452055
90505,0.002433322412291634,0.15568862275449102,0.015629417032796265
53613,0.0024162827564242605,0.2155688622754491,0.011208867231190321
22592,0.0024081721555244797,0.10778443113772455,0.02234248610958823
12872,0.0024051540608765617,0.25149700598802394,0.009563350670628233
89626,0.002326350122284434,0.25149700598802394,0.009250011200511915
12622,0.002320341069811002,0.25149700598802394,0.009226118063296127
61399,0.002299974956830396,0.1437125748502994,0.01600399240794484
86136,0.0022327393491572414,0.32335329341317365,0.0069049531723936915
10145,0.002219507289164671,0.10778443113772455,0.02059209540502778
24109,0.0021830668241323518,0.2874251497005988,0.00759525332562714
17750,0.0021792043675979813,0.2155688622754491,0.010109086927468413
61241,0.00214886305995501,0.17964071856287425,0.01196200436708289
45751,0.002148582004897643,0.23353293413173654,0.009200338328664265
86228,0.002139885864653742,0.41317365269461076,0.005179144049234419
77605,0.0021292978205232154,0.23353293413173654,0.009117762462240435
79323,0.002085203269760707,0.2694610778443114,0.007738421023334181
18729,0.002080004275600328,0.12574850299401197,0.01654098638215499
75825,0.0020740760758131615,0.17964071856287425,0.011545690155359934
86356,0.002018132879148392,0.10778443113772455,0.018723788378765635
76841,0.0020172412254740603,0.17964071856287425,0.011229309488472271
48486,0.0019801714551838678,0.2874251497005988,0.00688934652116054
88845,0.0019753384000161735,0.2155688622754491,0.009163375355630584
24942,0.0019406011084911437,0.2155688622754491,0.009002232919945029
62148,0.0019223448975967533,0.1437125748502994,0.013376316579110743
44644,0.0019184047775773804,0.17964071856287425,0.010679119928514084
20626,0.0019179980694251748,0.10179640718562874,0.01884151044670613
88352,0.0019153643580433815,0.2155688622754491,0.008885162438701242
17478,0.0018689241298877057,0.17964071856287425,0.010403677656374895
11955,0.001861437764660558,0.2155688622754491,0.008635002963842033
23819,0.0018594948376806954,0.17964071856287425,0.01035118792975587
91152,0.001825817262512365,0.4491017964071856,0.004065486437860866
89003,0.001805798762119154,0.17964071856287425,0.010052279775796624
13511,0.0017858904937775172,0.2874251497005988,0.006213410676267611
91068,0.0017850175161242643,0.33532934131736525,0.00532317723558486
84723,0.0017617342706511996,0.2874251497005988,0.006129367149973965
25785,0.0017573070530231105,0.11976047904191617,0.014673513892742972
75186,0.0017483372568733925,0.0718562874251497,0.02433102682482138
13788,0.001734551496878896,0.17964071856287425,0.00965566999929252
69796,0.0017279682091163576,0.25149700598802394,0.006870730736248374
60442,0.0017279552512839563,0.1437125748502994,0.012023688623517529
79678,0.0017260537311362771,0.17964071856287425,0.009608365769991942
11703,0.0016940152692755687,0.0658682634730539,0.025718231815365453
81540,0.001689529100917472,0.39520958083832336,0.0042750206038366335
87267,0.0016891185284921843,0.10778443113772455,0.015671266347677487
90441,0.0016876144484150202,0.10778443113772455,0.015657311826961576
59328,0.0016774891939223423,0.03592814371257485,0.04669011589750519
16678,0.0016759018421758374,0.17964071856287425,0.009329186921445494
23931,0.0016673548553029288,0.2994011976047904,0.005568965216711782
87657,0.001667145070898929,0.2634730538922156,0.0063275733372754805
16600,0.0016668275894303865,0.33532934131736525,0.004970717989908474
23660,0.0016639696052101471,0.4491017964071856,0.003705105654267928
88031,0.001645685747449789,0.2634730538922156,0.006246125450548062
70578,0.0016408136776298505,0.17964071856287425,0.009133862805472836
75241,0.0016386334407502352,0.19161676646706588,0.00855161826891529
49154,0.0016308675713152172,0.10778443113772455,0.015130826911646737
73139,0.0016150776286199032,0.17964071856287425,0.008990598799317462
88446,0.0015967990946923354,0.19161676646706588,0.008333295275425626
64936,0.0015900476233128324,0.17964071856287425,0.0088512651031081
17144,0.0015671394552965897,0.17964071856287425,0.008723742967817683
85269,0.0015462689275478646,0.17964071856287425,0.008607563696683113
41080,0.0015312873120732467,0.15568862275449102,0.009835576196778162
91926,0.0015300604616075627,0.17964071856287425,0.008517336569615432
23536,0.0015162428441789107,0.33532934131736525,0.004521652767462109
64311,0.0015125233119082572,0.1437125748502994,0.010524641378694957
89258,0.0014946660163942084,0.19760479041916168,0.007563915901146449
46886,0.0014921023033934921,0.2694610778443114,0.00553735743703807
91556,0.0014877761499878512,0.2634730538922156,0.005646786751090254
64282,0.001473068462986718,0.2634730538922156,0.00559096439360868
84769,0.0014281647530969166,0.2694610778443114,0.005300078083715224
90880,0.0013989852514362917,0.2155688622754491,0.006489737138607242
93096,0.0013988419571317134,0.2155688622754491,0.0064890724122498925
83111,0.0013883221578628482,0.15568862275449102,0.008917300013965217
38093,0.0013859614731363615,0.30538922155688625,0.0045383444316425955
11404,0.0013645446878878477,0.2155688622754491,0.006329971191035293
81481,0.0013522406005471465,0.2634730538922156,0.005132367733894852
36468,0.001320787490735254,0.1437125748502994,0.009190479623032809
56573,0.001320780760177343,0.1437125748502994,0.009190432789567346
92614,0.0012973194101666796,0.39520958083832336,0.0032826112348156894
92221,0.0012964184673324257,0.2155688622754491,0.0060139412234587524
77178,0.0012922080685024546,0.0718562874251497,0.01798322895332583
77357,0.0012759030234965163,0.3473053892215569,0.003673720774550314
10147,0.0012490668396843928,0.03592814371257485,0.03476569370454893
21371,0.0012486485718600658,0.2155688622754491,0.005792341986128638
22779,0.001243614561106094,0.23353293413173654,0.005325221325761992
38156,0.0012377470232230953,0.16167664670658682,0.007655694551046552
48506,0.0012311815046400344,0.2155688622754491,0.005711314202080159
48653,0.0012303156997195413,0.15568862275449102,0.007902412378967823
92121,0.0012271065954338998,0.17964071856287425,0.006830893381248708
92203,0.0012248701213947255,0.2934131736526946,0.004174557352508554
92108,0.0012236668156839154,0.0718562874251497,0.01702936318493449
89533,0.0012198104958882083,0.16766467065868262,0.007275298314761814
41355,0.0012149115922356099,0.2275449101796407,0.005339216734298601
82642,0.0012132550385497605,0.2275449101796407,0.005331936616784473
57904,0.0012104547547199906,0.19760479041916168,0.006125634667825407
76709,0.0011879850912691655,0.25149700598802394,0.00472365500576073
21776,0.0011709283588799096,0.10778443113772455,0.010863613107385829
86158,0.0011681261363238585,0.08383233532934131,0.013934076054720312
18576,0.0011501867073050484,0.0718562874251497,0.016006765009995257
85348,0.0011467686025614476,0.11976047904191617,0.009575517831388087
18312,0.0011361614923934241,0.0718562874251497,0.01581158076914182
92322,0.0011306328554201316,0.2874251497005988,0.003933660142815875
88860,0.0011282667995391122,0.2155688622754491,0.0052339043200842145
52695,0.0011196076022225515,0.2694610778443114,0.00415498821269258
87137,0.0011177885326996626,0.1437125748502994,0.007777945206701819
25232,0.0010934593791478166,0.2694610778443114,0.0040579492515041195
85753,0.0010881136489409736,0.2694610778443114,0.004038110652736502
77281,0.0010866206326693977,0.19161676646706588,0.00567080142674342
66157,0.0010854434705729232,0.0718562874251497,0.015105754965473181
89565,0.0010841955760566002,0.17964071856287425,0.006035355373381742
58683,0.001080817577838692,0.10778443113772455,0.01002758530550342
44206,0.0010764261848114805,0.2634730538922156,0.004085526655989029
13688,0.0010751817420371957,0.17964071856287425,0.005985178364007056
11674,0.0010747300181153437,0.2874251497005988,0.0037391648546929667
43553,0.0010475443986426342,0.1437125748502994,0.0072891631072216625
77730,0.0010465088880625103,0.25149700598802394,0.004161118673962839
23026,0.001043406544677771,0.17964071856287425,0.005808296432039592
85913,0.0010416419611710007,0.1437125748502994,0.00724809197981488
12369,0.0010359900831538723,0.0718562874251497,0.014417528657224723
90993,0.0010339554496843904,0.1437125748502994,0.00719460667072055
75828,0.0010329232193849597,0.17964071856287425,0.005749939254576275
26825,0.0010314585153135887,0.17964071856287425,0.005741785735245644
77668,0.0010309141776904524,0.0718562874251497,0.014346888972858796
16595,0.0010301989413645833,0.10778443113772455,0.009557956844882523
88873,0.0010255990241131877,0.17964071856287425,0.005709167900896745
14714,0.0010176822834547777,0.16167664670658682,0.0062945533828499215
34833,0.0010167578438987845,0.0718562874251497,0.014149879994258084
18484,0.0010057531213250443,0.0718562874251497,0.0139967309384402
59459,0.0009824494190707458,0.10778443113772455,0.009114947388045254
86868,0.0009643660221596541,0.05389221556886228,0.017894347300073582
24010,0.0009612866711027646,0.2155688622754491,0.0044593020576156025
92257,0.0009610011283921375,0.19760479041916168,0.004863248134590514
45911,0.0009587051092705492,0.16766467065868262,0.005717991187435061
93132,0.0009486274566821041,0.18562874251497005,0.005110347911803593
28222,0.0009464022344521763,0.10778443113772455,0.008780509619639635
23229,0.0009433391998649685,0.32335329341317365,0.002917363821804625
92402,0.0009408906963369611,0.2874251497005988,0.003273515547672344
28484,0.0009408759102406304,0.1437125748502994,0.00654692820875772
93089,0.0009341021569287868,0.2874251497005988,0.003249897087648071
92618,0.0009316859460748131,0.2275449101796407,0.004094514552486678
15826,0.0009296774312921725,0.1437125748502994,0.006469005459408033
13628,0.0009288644585028748,0.17964071856287425,0.005170678818999337
91983,0.0009260917284651168,0.18562874251497005,0.004988945763021758
32870,0.0009252659220793727,0.19161676646706588,0.0048287315308517265
87432,0.0009232372322854626,0.17964071856287425,0.005139353926389075
90442,0.0009140266165298298,0.10778443113772455,0.008480135831137865
81774,0.000895324765596538,0.10778443113772455,0.008306624214145658
38762,0.0008867438602479422,0.3473053892215569,0.0025532107700242473
15202,0.0008813003342055967,0.2874251497005988,0.0030661907460903053
84381,0.0008760088612167361,0.15568862275449102,0.0056266723008921125
70332,0.0008684876493883118,0.10778443113772455,0.008057635413769339
23393,0.0008676386776397735,0.25149700598802394,0.003449896646805766
91883,0.0008648488331310266,0.05389221556886228,0.016047750570320162
56274,0.0008544700627826204,0.2155688622754491,0.00396379168013049
84032,0.0008530575988625599,0.10778443113772455,0.007914478833891528
46674,0.0008488184754307535,0.2275449101796407,0.0037303338262351534
77338,0.0008320630765011826,0.19161676646706588,0.004342329180490547
57568,0.0008268685590488693,0.19161676646706588,0.004315220292536287
66384,0.0008182931649347913,0.12574850299401197,0.006507378978290959
52038,0.0008164187369040766,0.10778443113772455,0.007574551614610044
46578,0.0008067424390873737,0.2155688622754491,0.0037423885368775395
11403,0.0008039434857524706,0.2155688622754491,0.0037294045033517387
13356,0.0008035100288976065,0.1437125748502994,0.005591090617745845
15720,0.0007970568705709494,0.17964071856287425,0.0044369499128449515
10138,0.0007969861643725027,0.1437125748502994,0.005545695393758664
85792,0.0007933205400552779,0.23952095808383234,0.003312113254730785
89954,0.0007900198276692172,0.0718562874251497,0.010994442601729939
52476,0.0007828761243436889,0.25149700598802394,0.003112864589652287
89195,0.0007802799172517272,0.17964071856287425,0.004343558206034615
82598,0.0007764312439319729,0.10179640718562874,0.007627295160978792
80320,0.0007745646036341081,0.2155688622754491,0.0035931191335248905
60506,0.0007718248804690927,0.1437125748502994,0.005370614793264103
85663,0.0007694392615704913,0.19760479041916168,0.00389382899037188
24985,0.0007541284589852044,0.2155688622754491,0.003498318129181365
89269,0.0007512151116117126,0.1437125748502994,0.0052272051516315
85631,0.0007484839887276894,0.1437125748502994,0.005208201088230172
79545,0.0007442683229001322,0.19161676646706588,0.0038841503101350646
75646,0.0007434542892319383,0.0658682634730539,0.011286987845612155
60628,0.0007373554817826956,0.0718562874251497,0.010261530454809181
85963,0.0007357632797037521,0.10778443113772455,0.006826248206140366
52090,0.0007308000905676174,0.2634730538922156,0.002773718525563457
14338,0.0007261809602795886,0.16167664670658682,0.004491563717284862
14231,0.0007239482858422747,0.1437125748502994,0.005037473488985829
76082,0.0007206612050407199,0.1437125748502994,0.00501460088507501
78987,0.0007101581638894018,0.17964071856287425,0.003953213778984337
22509,0.000701124036234026,0.0718562874251497,0.009757309504256862
77481,0.0006958576345945748,0.08982035928143713,0.007747214998486266
81055,0.0006918527116739434,0.03592814371257485,0.019256567141591425
21792,0.0006878282186529567,0.2155688622754491,0.0031907586809734375
17685,0.000682448011295602,0.0718562874251497,0.00949740149053046
61815,0.0006713769502690124,0.0718562874251497,0.009343329224577089
89002,0.0006680904216379386,0.2155688622754491,0.0030991972337093263
35554,0.0006662805534386262,0.1437125748502994,0.0046362021843437745
82775,0.0006533148939899166,0.12574850299401197,0.005195408918872194
83435,0.0006516304923341187,0.0718562874251497,0.009068524351649818
77037,0.0006474103546231403,0.2155688622754491,0.003003264700612901
25320,0.0006454812705625093,0.2155688622754491,0.0029943158939983072
85257,0.0006453339723774573,0.15568862275449102,0.004145029745655207
21573,0.0006414376985912367,0.10778443113772455,0.005951116425818696
77661,0.0006398651639690395,0.17964071856287425,0.0035619160794276533
14040,0.0006394858940952443,0.03592814371257485,0.017799024052317633
23473,0.00063763897754892,0.2155688622754491,0.0029579363680741566
78916,0.000636698158453694,0.11976047904191617,0.005316429623088344
14939,0.000635682480109126,0.16167664670658682,0.003931813858452742
24643,0.0006305262861433157,0.16766467065868262,0.0037606389209262044
34817,0.0006302238213839233,0.10778443113772455,0.005847076565061955
12449,0.000624422138552888,0.2155688622754491,0.0028966249205092305
86339,0.0006200589207452058,0.0718562874251497,0.008629153313704114
80191,0.0006194952415711759,0.19161676646706588,0.0032329907919495743
19166,0.0006185570774286712,0.2275449101796407,0.002718395577120739
92239,0.0006149129008031739,0.08383233532934131,0.007335032459580717
35044,0.0006143176358729698,0.17964071856287425,0.0034197015063595322
42585,0.000613291825381091,0.2155688622754491,0.002844992634406728
17743,0.0006126264649575365,0.24550898203592814,0.002495332186534356
76201,0.0006103108336816373,0.1437125748502994,0.0042467462177013925
17830,0.0006078527144669192,0.03592814371257485,0.01691856721932925
18726,0.0006015190989626146,0.0718562874251497,0.008371140793896387
11990,0.0006007579630832546,0.08982035928143713,0.006688438655660235
11533,0.0005975792302798693,0.19760479041916168,0.0030241130744466114
90199,0.0005954152143439847,0.1437125748502994,0.00414309753314356
77768,0.000589535418216918,0.0718562874251497,0.008204367903518776
76226,0.0005876522267527857,0.0718562874251497,0.008178160155642935
91063,0.0005852397010336755,0.0718562874251497,0.008144585839385318
19285,0.000580694997589224,0.0718562874251497,0.008081338716450033
90601,0.0005797552501788416,0.17964071856287425,0.003227304225995551
90312,0.0005768835495014917,0.25149700598802394,0.0022937988753987883
80286,0.0005762483076805516,0.2155688622754491,0.0026731518717403365
66800,0.0005760278807898938,0.08982035928143713,0.006413110406127484
12476,0.0005726770370288013,0.16167664670658682,0.00354211352532629
40125,0.0005722070572663738,0.1437125748502994,0.003981607440145184
80080,0.0005700278427764052,0.2155688622754491,0.002644295826212768
18592,0.0005675949563726196,0.0718562874251497,0.007899029809518955
16140,0.0005672081714193047,0.10778443113772455,0.005262431368167993
77496,0.0005649641615781742,0.1497005988023952,0.0037739605993422033
69649,0.0005649546838161283,0.17964071856287425,0.0031449144065764474
25582,0.0005646408758424324,0.17964071856287425,0.00314316754218954
81736,0.0005625545756614794,0.1437125748502994,0.00391444225564446
32986,0.000559742856273064,0.2155688622754491,0.0025965849166000466
49656,0.0005533742701189968,0.08982035928143713,0.0061609002073248305
88182,0.0005488604719228643,0.1437125748502994,0.0038191541171299303
80204,0.0005487825267982334,0.17964071856287425,0.003054889399176833
90052,0.000548393133160118,0.12574850299401197,0.004361031106559034
16649,0.0005444165542246623,0.1437125748502994,0.003788231856479942
87184,0.000542917814044169,0.10179640718562874,0.005333369114433895
70500,0.0005422155503491908,0.11976047904191617,0.004527499845415743
82800,0.0005420262773798574,0.0718562874251497,0.007543199026869683
69550,0.0005415780517486368,0.10778443113772455,0.005024640813445686
15069,0.0005366365773028679,0.1437125748502994,0.0037340961837324556
10516,0.0005334969424300762,0.0718562874251497,0.0074244991154852275
59248,0.0005324670077624687,0.17964071856287425,0.002964066343211076
10909,0.0005290062822287408,0.10778443113772455,0.00490800272956665
11891,0.0005267668544877921,0.17964071856287425,0.0029323354899820422
34746,0.0005263567692255774,0.10778443113772455,0.004883421136703968
72726,0.000524986404685559,0.0718562874251497,0.007306060798540696
14776,0.0005236990507678817,0.08982035928143713,0.005830516098549083
21207,0.0005211128115677679,0.0718562874251497,0.007252153294318103
81655,0.0005210568903005712,0.19161676646706588,0.002719265646256106
14988,0.0005137488852007374,0.1437125748502994,0.0035748359928551316
88661,0.000511417003851225,0.08383233532934131,0.006100474260225327
24328,0.0005111810543054305,0.1437125748502994,0.003556968169541954
91103,0.0005083158060093708,0.11976047904191617,0.004244436980178246
90925,0.0005030460587878397,0.25149700598802394,0.0020002069480373626
12448,0.0005013883593471926,0.1437125748502994,0.0034888273337908816
17279,0.0004998065713839525,0.08383233532934131,0.005961978387222863
13323,0.0004960702288272068,0.10778443113772455,0.004602429345230197
58819,0.000492652788767987,0.23952095808383234,0.0020568253931063456
86964,0.0004887688567516442,0.11976047904191617,0.004081219953876229
39538,0.00048746456669726437,0.1437125748502994,0.0033919409432684646
12062,0.0004864836165799662,0.1437125748502994,0.0033851151653689314
61621,0.0004862445940559682,0.0718562874251497,0.0067669039339455575
32803,0.00048349986130773713,0.1377245508982036,0.0035106294277561785
90829,0.0004817142608267288,0.1437125748502994,0.003351928398252655
78840,0.00047810644501690094,0.20359281437125748,0.002348346362288896
79698,0.00047381057812917145,0.1437125748502994,0.0032969319394821513
90664,0.0004687241636686203,0.09580838323353294,0.004892308458291224
87056,0.00046775376578865076,0.11377245508982035,0.00411130941508972
16431,0.00046680375608400943,0.17964071856287425,0.0025985409088676525
11618,0.00046173268152760195,0.10778443113772455,0.004283853211950529
12591,0.00046170902039965097,0.1317365269461078,0.0035047912003064413
59192,0.00046079351569207447,0.0718562874251497,0.006412709760048037
91416,0.0004595440555225033,0.1437125748502994,0.0031976607196774185
11786,0.0004592964702584451,0.10778443113772455,0.004261250585175573
92890,0.0004565229006409372,0.08383233532934131,0.005445666029074037
16932,0.00045476671951884213,0.10778443113772455,0.004219224564424813
13949,0.0004530124312448519,0.17964071856287425,0.0025217692005963426
81677,0.00045296728682505646,0.17964071856287425,0.002521517896659481
14970,0.000450811531016082,0.1437125748502994,0.003136896903320237
87541,0.00044988148728636557,0.18562874251497005,0.0024235551089297758
52978,0.0004465842954530877,0.15568862275449102,0.0028684452823332937
36003,0.00044593020545727135,0.17964071856287425,0.0024823448103788105
60599,0.000444181446654861,0.08383233532934131,0.005298450113668698
49015,0.00044314481267206015,0.10778443113772455,0.004111399095346336
85621,0.00044119474825948487,0.11976047904191617,0.0036839761479666986
86996,0.00044049393885535996,0.10778443113772455,0.004086804877158062
12400,0.0004399449646896141,0.1437125748502994,0.003061283712631898
77182,0.0004377434278512436,0.11976047904191617,0.003655157622557884
90808,0.0004374148804129283,0.1437125748502994,0.0030436785428732925
93246,0.0004370563259074967,0.10778443113772455,0.004054911468141775
76230,0.0004362357026453452,0.17964071856287425,0.002428378744725755
54148,0.0004331928437516132,0.1437125748502994,0.003014300204438309
91849,0.0004304241073610586,0.19161676646706588,0.0022462758102905246
89509,0.00042838100327280995,0.08383233532934131,0.005109973396182805
12650,0.00042717446265610744,0.15568862275449102,0.0027437744332142284
14136,0.0004259697795839757,0.1437125748502994,0.0029640397162718313
68144,0.0004251494329642496,0.0718562874251497,0.005916662942085807
25953,0.00042264216344266363,0.1437125748502994,0.002940885053955201
90979,0.000420124997854517,0.10778443113772455,0.0038978263689835747
22623,0.00041882075154090224,0.08982035928143713,0.004662871033822045
18909,0.00041445683712751325,0.0718562874251497,0.00576785765002456
79089,0.00041135283793751536,0.0718562874251497,0.0057246603279637555
43350,0.0004029065592003335,0.10778443113772455,0.003738077521469761
75107,0.00039905053223612634,0.1437125748502994,0.002776726620143046
85991,0.00039698041455367916,0.0718562874251497,0.005524644102538702
79588,0.00039300890161001427,0.0718562874251497,0.005469373880739366
90178,0.0003928951109246234,0.1317365269461078,0.0029824310692914595
75577,0.0003905886178464002,0.04790419161676647,0.008153537397543605
85914,0.00039032714553047633,0.10778443113772455,0.003621368516866086
13035,0.00038919726217552725,0.10778443113772455,0.0036108857101840586
75034,0.00038773761731272,0.0718562874251497,0.005396015174268687
63467,0.0003869728603321085,0.19760479041916168,0.001958317202286731
13641,0.00038422628737357604,0.08982035928143713,0.004277719332759147
84597,0.00038341653474080565,0.0718562874251497,0.005335880108476212
52708,0.0003758827431369875,0.1317365269461078,0.002853291731994405
14182,0.00037349251251858254,0.10778443113772455,0.0034651805328112938
71563,0.00037349024293287957,0.03592814371257485,0.010395478428298481
91392,0.00036803000419099546,0.16167664670658682,0.0022763337296257866
26710,0.00036790273083229353,0.12574850299401197,0.0029257026689996674
79906,0.00036713999030450945,0.0718562874251497,0.00510936486507109
87299,0.0003658750759636599,0.10778443113772455,0.0033945076492184
90520,0.0003630164910259787,0.10778443113772455,0.003367986333407691
16382,0.00036049012122589986,0.1437125748502994,0.002508410426863553
12366,0.0003602627759254774,0.18562874251497005,0.0019407704380501524
84373,0.00035858180738205554,0.10778443113772455,0.003326842324044626
92293,0.0003577972145207042,0.0718562874251497,0.004979344568746467
79785,0.00035557406778614377,0.16766467065868262,0.0021207453328673576
89217,0.00035552337895435526,0.12574850299401197,0.00282725734692273
60687,0.0003552492682544527,0.19161676646706588,0.001853957118702925
86288,0.0003540905321723977,0.10778443113772455,0.003285173270710579
27422,0.00035393508350395147,0.0718562874251497,0.0049255965787633246
14617,0.00035346246103319217,0.16167664670658682,0.002186230777501596
13210,0.0003506844957309482,0.10778443113772455,0.003253572821503797
84656,0.00034771455400937364,0.11976047904191617,0.00290341652597827
13911,0.0003448625774879858,0.0718562874251497,0.004799337536707802
11762,0.0003444342930086389,0.03592814371257485,0.009586754488740449
25419,0.0003429787204578623,0.10778443113772455,0.0031820803509146115
21186,0.0003428803420731412,0.11976047904191617,0.0028630508563107287
91611,0.00034122707898891344,0.07784431137724551,0.004383455553165273
83621,0.0003367626867712257,0.10778443113772455,0.0031244093717108165
75654,0.0003364846902541486,0.1437125748502994,0.0023413726363517838
22517,0.00033540260194557346,0.0718562874251497,0.004667686210409231
40272,0.00033506383615877636,0.17964071856287425,0.001865188687950522
29938,0.0003350493091357475,0.2155688622754491,0.0015542565173797176
84761,0.0003326587841229489,0.1437125748502994,0.002314750706188853
25081,0.00032962536825874967,0.11377245508982035,0.002897233499958484
89617,0.00032815442145206817,0.10778443113772455,0.003044543799027521
60206,0.0003261728288423848,0.1437125748502994,0.0022696192673615943
80924,0.0003261320522920439,0.0718562874251497,0.004538671061064277
23114,0.00032590015909902026,0.05389221556886228,0.006047258507726265
86021,0.00032453015007652587,0.10778443113772455,0.0030109186145988787
59010,0.00032446823049112625,0.0718562874251497,0.004515516207668174
85002,0.0003199090160004027,0.12574850299401197,0.002544038365336536
18835,0.0003187203040538053,0.1437125748502994,0.0022177621157077284
89901,0.0003186808355555598,0.059880239520958084,0.0053219699537778485
16309,0.00031694676012737193,0.0718562874251497,0.0044108424117725925
79411,0.00031664510180757794,0.11377245508982035,0.0027831437895718693
16736,0.0003159460630756912,0.08982035928143713,0.003517532835576029
12140,0.00031442912684031914,0.04790419161676647,0.006563708022791662
91907,0.00031415973148788827,0.0718562874251497,0.004372056263206445
17987,0.0003119720961851637,0.08982035928143713,0.003473289337528156
14579,0.00031035216192815124,0.11377245508982035,0.0027278321601053295
76639,0.0003090854668931741,0.10778443113772455,0.0028676262761755597
90805,0.00030891886398238356,0.0718562874251497,0.004299120857088171
88989,0.00030807988631586933,0.11976047904191617,0.002572467050737509
27991,0.0003080349696343526,0.1437125748502994,0.002143409997039037
62308,0.00030600356741213616,0.16167664670658682,0.0018926887317713607
65541,0.00030481954943900364,0.12574850299401197,0.0024240411788720765
60986,0.0003020528531812882,0.10778443113772455,0.0028023792489597294
75607,0.0002987717606065818,0.0718562874251497,0.004157907001774931
27828,0.0002963329611807611,0.03592814371257485,0.008247934086197851
76584,0.0002954708497277481,0.041916167664670656,0.0070490902720762765
16087,0.0002950131897905303,0.0718562874251497,0.00410560022458488
88281,0.0002941422799262935,0.10778443113772455,0.0027289867082050563
87842,0.00029336294141837715,0.05389221556886228,0.005443512357429887
79686,0.00029257680089913777,0.10778443113772455,0.0027144625416753334
29946,0.0002913065421563393,0.10778443113772455,0.0027026773633393704
84624,0.0002899515702462152,0.04790419161676647,0.006052739028889743
18267,0.0002880319885918693,0.08383233532934131,0.0034358101496315832
76712,0.0002854317885011068,0.10778443113772455,0.0026481727044269355
82618,0.0002838316874699639,0.04790419161676647,0.005924986475935496
10933,0.00028323107314872,0.10778443113772455,0.0026277549564353467
22103,0.00028227577268453177,0.03592814371257485,0.007856675673052801
34032,0.0002814470552004356,0.1437125748502994,0.0019584024257696974
17341,0.0002812730157528562,0.0718562874251497,0.003914382802560582
81696,0.00027905129559943685,0.10778443113772455,0.002588975909172553
58246,0.00027847655806979973,0.0718562874251497,0.003875465433138046
15315,0.000276874639914996,0.08982035928143713,0.0030825376577202895
15585,0.00027640010995005015,0.0718562874251497,0.0038465681968048644
62498,0.0002741539930776442,0.0718562874251497,0.0038153097369972157
15478,0.0002740417839710177,0.10778443113772455,0.0025424987735088865
84262,0.00027392169410187526,0.0718562874251497,0.003812076909584431
89781,0.0002730979656776312,0.11377245508982035,0.0024003873825349693
30681,0.0002713005971503618,0.0718562874251497,0.003775599977009202
76185,0.00027023842938627107,0.1377245508982036,0.0019621659872829248
18485,0.00026669894628113104,0.0718562874251497,0.00371156033574574
68196,0.0002662270700015904,0.10778443113772455,0.0024699955939036446
23085,0.0002660845394015336,0.08982035928143713,0.0029624078720037407
91275,0.0002657127192832245,0.041916167664670656,0.006339146302899785
85593,0.0002654265109685514,0.0718562874251497,0.0036938522776456735
88949,0.0002644556880525331,0.0718562874251497,0.003680341658731086
91650,0.0002592719573529225,0.03592814371257485,0.007216402812989677
10225,0.0002569915211063893,0.08383233532934131,0.0030655417160547864
79637,0.00025597338864341275,0.11377245508982035,0.00224987136333947
90992,0.0002547129444783967,0.08383233532934131,0.0030383615519923033
83597,0.00025462533428693664,0.1437125748502994,0.001771767951079934
23077,0.0002545540809694535,0.023952095808383235,0.010627632880474684
44601,0.00025413114709774777,0.11377245508982035,0.002233679029753888
71175,0.00025247478243651964,0.10778443113772455,0.002342404925938821
12981,0.00025200809441548093,0.10778443113772455,0.002338075098188073
23579,0.0002518954573124074,0.10778443113772455,0.0023370300761762245
15456,0.00025070954639411886,0.1377245508982036,0.0018203693151225152
76095,0.0002491762456884842,0.0718562874251497,0.0034677027524980717
82686,0.0002491485994931655,0.08383233532934131,0.00297198686538276
82651,0.00024771576867910715,0.0718562874251497,0.0034473777807842412
17929,0.0002467986374203205,0.10778443113772455,0.002289742913844085
18940,0.00024521098258420106,0.03592814371257485,0.006825039015260263
15408,0.0002446579564321105,0.03592814371257485,0.006809646454027075
60871,0.0002444953015146885,0.03592814371257485,0.006805119225492164
39490,0.0002443156345423314,0.10778443113772455,0.002266706164920519
85035,0.0002425372110364747,0.0718562874251497,0.003375309520257606
88863,0.00024145010625005987,0.10179640718562874,0.0023718922202211764
83906,0.00023917269240461642,0.04790419161676647,0.004992729953946368
45225,0.0002391129234054977,0.05389221556886228,0.004436873134302012
91485,0.00023898056492923462,0.03592814371257485,0.006651625723863697
89644,0.00023728588451111713,0.04790419161676647,0.00495334283916957
25778,0.00023715655330610637,0.0718562874251497,0.003300428700176647
27887,0.00023543916983402704,0.03592814371257485,0.006553056893713753
90272,0.0002345918449791928,0.10778443113772455,0.002176491006195844
89070,0.00023328783751038027,0.0718562874251497,0.003246589072019459
14811,0.0002331227687833442,0.10778443113772455,0.0021628612437121376
90071,0.00023304897358376617,0.08982035928143713,0.0025946119058992633
90110,0.00023123658559084993,0.0658682634730539,0.0035105917994247217
91579,0.000228016032545462,0.04790419161676647,0.004759834679386519
24053,0.00022720472734975988,0.0718562874251497,0.0031619324556174913
86106,0.00022550827725235822,0.04790419161676647,0.004707485287642978
87445,0.00022373766191021772,0.10778443113772455,0.0020757883077225756
53065,0.0002236727540666862,0.10778443113772455,0.0020751861071742553
16692,0.00022292518544662012,0.08982035928143713,0.0024819003979723708
63830,0.00022124639994571693,0.03592814371257485,0.006158024798489121
79094,0.00022124337930046979,0.10778443113772455,0.0020526469079543584
89105,0.00022106650049164028,0.03592814371257485,0.006153017597017321
37284,0.00022098335998849085,0.0718562874251497,0.003075351759839831
77462,0.00022006465013292884,0.0658682634730539,0.003340981506563556
80864,0.00021939566869279186,0.0718562874251497,0.00305325638930802
85072,0.0002150300267205318,0.0718562874251497,0.0029925012051940677
13314,0.00021497065376916203,0.10778443113772455,0.0019944499544138922
82515,0.0002132819561861029,0.10778443113772455,0.001978782593504399
90248,0.00021294772747647823,0.11377245508982035,0.0018716984467669403
16655,0.00021243660288209823,0.08982035928143713,0.0023651275120873602
89031,0.00021233913346591852,0.08982035928143713,0.002364042352587226
12623,0.00021205364456130754,0.0718562874251497,0.0029510798868115297
32942,0.00020881230318391946,0.10778443113772455,0.001937314146206364
90175,0.0002084185439458177,0.1377245508982036,0.001513299862563111
10777,0.00020764156613681725,0.08982035928143713,0.0023117427696565654
90455,0.00020736064270392832,0.0718562874251497,0.002885768944296336
85645,0.00020375937861000684,0.0718562874251497,0.002835651352322595
89004,0.0002022073680797985,0.03592814371257485,0.0056281050782210585
76138,0.000201026672103125,0.0718562874251497,0.0027976211867684897
17942,0.0002009241877122006,0.03592814371257485,0.005592389891322917
47626,0.00020027227033238374,0.05389221556886228,0.003716163238389787
89216,0.00019978848007285577,0.0718562874251497,0.0027803896810139096
39087,0.00019968608483289418,0.017964071856287425,0.011115858722364444
89866,0.00019786368411116908,0.10778443113772455,0.0018357352914758465
79210,0.00019652734592735078,0.08982035928143713,0.0021880044513245054
92765,0.00019626845146839315,0.0718562874251497,0.002731402616268471
51369,0.00019582618180657386,0.10778443113772455,0.001816831797872102
88439,0.00019506667099851953,0.10778443113772455,0.0018097852253751534
82759,0.00019424351071683227,0.10179640718562874,0.0019081568405712346
91041,0.00019366429396589906,0.10778443113772455,0.0017967742829058412
85032,0.0001927928668540203,0.011976047904191617,0.016098204382310695
78977,0.0001924251754013784,0.0718562874251497,0.0026779170243358495
90720,0.0001899889664804428,0.0718562874251497,0.002644013116852829
68591,0.00018765133786864815,0.03592814371257485,0.0052229622373440405
82486,0.00018732849233229104,0.0718562874251497,0.002606988184957717
12742,0.0001871380742902872,0.03592814371257485,0.0052086764010796606
91668,0.0001861846629899909,0.0718562874251497,0.002591069893277373
45241,0.00018604126584568234,0.017964071856287425,0.010356297132076317
90386,0.00018400189617058697,0.0718562874251497,0.002560693055040669
83862,0.00018152164952935454,0.07784431137724551,0.0023318550362617083
14558,0.0001809143910196486,0.03592814371257485,0.005035450550046886
15291,0.0001793680957172041,0.041916167664670656,0.004279210283539012
86830,0.00017709975371449973,0.05389221556886228,0.003286184318924606
91547,0.00017684827814366417,0.05389221556886228,0.003281518049999102
28804,0.00017684682377438126,0.0718562874251497,0.0024611182975268057
75224,0.00017620319481697407,0.0718562874251497,0.002452161127869556
93429,0.00017619487215501483,0.0658682634730539,0.0026749585136261345
20894,0.00017506019609064976,0.05389221556886228,0.0032483391941265007
87034,0.00017417585834078914,0.09580838323353294,0.0018179605214319865
88664,0.00017386059657448308,0.11377245508982035,0.001528143138312562
81073,0.00017253070891863634,0.10179640718562874,0.0016948604934948393
84588,0.00017236863328966818,0.0718562874251497,0.0023987968132812153
52230,0.0001721042093975619,0.08383233532934131,0.002052957354956631
89134,0.00017077657373865975,0.0718562874251497,0.0023766406511963483
27334,0.0001683923378314849,0.08982035928143713,0.0018747680278571987
87717,0.00016831314460507955,0.04790419161676647,0.0035135368936310358
15850,0.00016710633936888438,0.03592814371257485,0.004651126445767282
64995,0.00016513360367948176,0.0718562874251497,0.002298109317872788
20583,0.00016289151935438835,0.0718562874251497,0.0022669069776819046
22293,0.00016239576829379874,0.03592814371257485,0.004520015550844064
32707,0.00016054725172379535,0.059880239520958084,0.0026811391037873827
14641,0.00015811076765205438,0.0718562874251497,0.0022003748498244237
50017,0.0001553925234315824,0.03592814371257485,0.004325091902179044
75694,0.00015176398958670608,0.0718562874251497,0.0021120488550816596
75100,0.00014990473414422425,0.03592814371257485,0.004172348433680908
15395,0.0001478013636164339,0.0718562874251497,0.0020569023103287052
88811,0.000147020963017642,0.04790419161676647,0.0030690626029932764
84129,0.00014602478246899454,0.0718562874251497,0.0020321782226935072
92778,0.00014547326067412011,0.059880239520958084,0.0024294034532578055
18579,0.0001438063192733018,0.03592814371257485,0.004002609219773566
87337,0.00014324267544160846,0.03592814371257485,0.003986921133124768
24440,0.00014290012153944504,0.04790419161676647,0.002983040037135915
15272,0.0001425262086750215,0.0718562874251497,0.0019834897373940488
93101,0.00014098306242185904,0.0718562874251497,0.0019620142853708717
85459,0.00013850986352688562,0.0718562874251497,0.0019275956007491584
37807,0.00013610871979357435,0.0658682634730539,0.0020663778368660833
42906,0.00013547598340909146,0.03592814371257485,0.003770748204886379
77659,0.00013546751723047433,0.03592814371257485,0.003770512562914869
82307,0.0001349825083946281,0.0658682634730539,0.0020492799001729897
79859,0.00013494620737719557,0.04790419161676647,0.0028170020789989574
53866,0.00013446396674016254,0.04790419161676647,0.002806935305700893
13046,0.00013426595043453883,0.0658682634730539,0.0020384012475061805
75182,0.00013345729180568725,0.0718562874251497,0.0018572806442958142
70536,0.0001310101240211944,0.03592814371257485,0.0036464484519232437
13379,0.00012840661771528552,0.041916167664670656,0.0030634150226360973
16343,0.00012634687962075725,0.03592814371257485,0.003516654816111077
90454,0.0001259317773738454,0.03592814371257485,0.0035051011369053634
92050,0.00012531391827871478,0.0718562874251497,0.0017439520293787807
57817,0.00012477859278799605,0.03592814371257485,0.0034730041659325563
13430,0.00012425373537793008,0.04790419161676647,0.0025937967260142906
91975,0.0001230971356925539,0.0718562874251497,0.0017131018050547083
16968,0.00012290570083804786,0.0718562874251497,0.001710437669996166
16917,0.00012083242990469462,0.0718562874251497,0.0016815846495070001
82513,0.00011956320624690736,0.03592814371257485,0.003327842573872255
70228,0.00011834257687468817,0.07784431137724551,0.0015202469490825327
78875,0.00011698945145345998,0.041916167664670656,0.002791034056103974
89353,0.00011561246704342316,0.04790419161676647,0.0024134102495314584
85926,0.00011440823907615173,0.03592814371257485,0.0031843626542862233
15398,0.00011145842914748288,0.03592814371257485,0.003102259611271607
27983,0.0001100951895015806,0.03592814371257485,0.0030643161077939934
82540,0.00010825515686892402,0.03592814371257485,0.003013101866185052
85992,0.00010807470734142375,0.0718562874251497,0.0015040396771681473
75912,0.0001080475240950258,0.0718562874251497,0.001503661376989109
91575,0.0001074151936751393,0.03592814371257485,0.00298972289062471
92709,0.00010570310041572873,0.03592814371257485,0.002942069628237783
15546,0.000105667390625357,0.03592814371257485,0.0029410757057391035
91277,0.00010461926620541926,0.03592814371257485,0.0029119029093841696
10299,0.00010166384451341702,0.029940119760479042,0.0033955724067481286
91594,0.00010156616385524102,0.03592814371257485,0.002826924893970875
86211,0.00010147460522859855,0.05389221556886228,0.0018829176747973285
91971,0.00010143339014246906,0.017964071856287425,0.005646458717930777
13914,0.00010120384607882342,0.023952095808383235,0.0042252605737908774
13456,0.00010086101721136384,0.023952095808383235,0.00421094746857444
91531,9.90866194883631e-05,0.07784431137724551,0.0012728819580428185
58975,9.872300197164803e-05,0.03592814371257485,0.0027477902215442035
18908,9.858604260585584e-05,0.059880239520958084,0.0016463869115177926
20391,9.686619500793106e-05,0.03592814371257485,0.0026961090943874145
18886,9.532194899436568e-05,0.0718562874251497,0.001326563790171589
20189,9.329003943294048e-05,0.03592814371257485,0.002596572764216843
90090,9.129000717437894e-05,0.059880239520958084,0.0015245431198121283
14926,9.054825892814299e-05,0.03592814371257485,0.0025202598734999798
30940,9.02280765151204e-05,0.03592814371257485,0.0025113481296708514
76795,9.013909318527422e-05,0.03592814371257485,0.0025088714269901322
14656,9.00404679334137e-05,0.023952095808383235,0.003759189536220022
52898,8.726393381084882e-05,0.03592814371257485,0.0024288461577352924
91461,8.629330152189973e-05,0.03592814371257485,0.002401830225692876
90162,8.543685273958275e-05,0.03592814371257485,0.0023779924012517196
82581,8.492209755675878e-05,0.03592814371257485,0.0023636650486631196
77606,8.37199846353401e-05,0.03592814371257485,0.002330206239016966
90227,8.24534246248912e-05,0.023952095808383235,0.0034424304780892078
85945,8.1113732801307e-05,0.05389221556886228,0.001505110375313141
91207,8.053102857552155e-05,0.011976047904191617,0.006724340886056049
92497,8.034377507491956e-05,0.03592814371257485,0.0022362350729185944
18911,8.005451250089825e-05,0.03592814371257485,0.0022281839312750015
68857,7.962868177498477e-05,0.023952095808383235,0.003324497464105614
16753,7.895604281430152e-05,0.03592814371257485,0.002197609858331392
89508,7.886727658077371e-05,0.03592814371257485,0.0021951391981648682
65402,7.811549221571362e-05,0.03592814371257485,0.0021742145333373624
75591,7.646142947626027e-05,0.03592814371257485,0.0021281764537559107
80539,7.486690728055132e-05,0.03592814371257485,0.0020837955859753453
14763,7.486612316153818e-05,0.03592814371257485,0.002083773761329479
79881,7.397866327817139e-05,0.03592814371257485,0.0020590727945757705
83011,7.346708785700389e-05,0.059880239520958084,0.001226900367211965
93223,7.193700799795726e-05,0.03592814371257485,0.00200224672260981
80361,7.177980617171575e-05,0.03592814371257485,0.0019978712717794215
70308,7.176919339643058e-05,0.03592814371257485,0.0019975758828673176
36397,7.137045209424899e-05,0.03592814371257485,0.00198647758328993
11600,7.11910162409793e-05,0.03592814371257485,0.0019814832853739237
14795,7.054578431840277e-05,0.023952095808383235,0.0029452864952933156
12558,7.052252036950184e-05,0.017964071856287425,0.003925753633902269
76091,7.008203514175569e-05,0.029940119760479042,0.0023407399737346403
87146,6.956020818807464e-05,0.03592814371257485,0.0019360924612347441
24272,6.918030980101035e-05,0.03592814371257485,0.0019255186227947882
13627,6.890340030290333e-05,0.03592814371257485,0.0019178113084308095
14414,6.859860608714753e-05,0.029940119760479042,0.002291193443310728
49373,6.84131268757912e-05,0.03592814371257485,0.0019041653647095217
42200,6.808762448327581e-05,0.041916167664670656,0.0016243761841010088
92988,6.733047313732104e-05,0.03592814371257485,0.0018740315023221023
44329,6.67094170679758e-05,0.041916167664670656,0.0015914960929074228
79915,6.600168247553779e-05,0.011976047904191617,0.005511140486707406
82694,6.586726290352405e-05,0.05389221556886228,0.001222203656098724
13936,6.394244596301401e-05,0.03592814371257485,0.0017797314126372233
86719,6.346007022923278e-05,0.03592814371257485,0.001766305288046979
81678,6.252220931654716e-05,0.04790419161676647,0.001305151119482922
13267,6.247616468104951e-05,0.03592814371257485,0.001738919916955878
23887,6.20792300288217e-05,0.011976047904191617,0.0051836157074066115
13739,6.185202324335101e-05,0.03592814371257485,0.00172154798027327
14889,6.177370138627738e-05,0.03592814371257485,0.0017193680219180537
78170,6.151597312395389e-05,0.03592814371257485,0.0017121945852833834
77660,6.060912359196199e-05,0.03592814371257485,0.0016869539399762754
11896,6.059362871759343e-05,0.023952095808383235,0.0025297839989595256
75285,6.009316669855807e-05,0.029940119760479042,0.0020071117677318397
16304,5.924728613250197e-05,0.05389221556886228,0.0010993663093475366
92220,5.905631689297377e-05,0.04790419161676647,0.0012328006151408274
93312,5.754025112117559e-05,0.029940119760479042,0.0019218443874472648
76282,5.718259448988581e-05,0.029940119760479042,0.0019098986559621862
61516,5.687087807649397e-05,0.03592814371257485,0.0015829061064624155
66376,5.6252550769049714e-05,0.03592814371257485,0.001565695996405217
52329,5.4827389408732394e-05,0.03592814371257485,0.0015260290052097182
27043,5.4369197298865675e-05,0.011976047904191617,0.004539827974455284
89506,5.4181672605901085e-05,0.041916167664670656,0.001292619903597926
91391,5.2704512631845585e-05,0.011976047904191617,0.004400826804759107
87659,5.2273036575987396e-05,0.023952095808383235,0.0021823992770474737
16347,5.192157366372008e-05,0.017964071856287425,0.0028903009339470848
17726,5.1327857614999055e-05,0.03592814371257485,0.0014286253702841404
93263,5.100029148468889e-05,0.03592814371257485,0.0014195081129905075
93179,5.09660934032653e-05,0.029940119760479042,0.001702267519669061
83534,5.064928052775223e-05,0.017964071856287425,0.002819476616044874
57809,5.0465634454083744e-05,0.03592814371257485,0.0014046268256386642
84584,4.95966126297764e-05,0.029940119760479042,0.0016565268618345317
14608,4.928975958386268e-05,0.03592814371257485,0.0013718983084175112
19818,4.826550793040512e-05,0.03592814371257485,0.001343389970729609
16664,4.547316346098546e-05,0.023952095808383235,0.001898504574496143
83541,4.546916745917261e-05,0.03592814371257485,0.0012655584942803044
89244,4.5248290834598284e-05,0.017964071856287425,0.002518821523125971
82779,4.493918992665248e-05,0.011976047904191617,0.0037524223588754823
18135,4.472516190406357e-05,0.023952095808383235,0.001867275509494654
76619,4.370253075266823e-05,0.023952095808383235,0.0018245806589238986
85246,4.117515957704723e-05,0.017964071856287425,0.002292083883122296
17855,4.0450284494616634e-05,0.03592814371257485,0.0011258662517668297
14634,3.694414230003457e-05,0.017964071856287425,0.0020565572547019246
23340,3.446489723751368e-05,0.017964071856287425,0.0019185459462215948
14239,3.3984132974397795e-05,0.011976047904191617,0.002837675103362216
13687,3.351813399206734e-05,0.017964071856287425,0.001865842792225082
14567,3.300116867942048e-05,0.011976047904191617,0.00275559758473161
13181,3.260273783363162e-05,0.017964071856287425,0.0018148857394054937
90569,3.176912244148818e-05,0.011976047904191617,0.002652721723864263
25487,3.027320153922068e-05,0.011976047904191617,0.002527812328524927
14273,3.0175257452587886e-05,0.023952095808383235,0.0012598169986455443
83976,2.9507340676324472e-05,0.011976047904191617,0.0024638629464730933
19849,2.9176219078987983e-05,0.017964071856287425,0.0016241428620636645
80563,2.8784412464692725e-05,0.017964071856287425,0.001602332293867895
87006,2.813448332282692e-05,0.017964071856287425,0.0015661529049706985
86097,2.7677458300949037e-05,0.011976047904191617,0.0023110677681292447
76591,2.755451492357166e-05,0.011976047904191617,0.002300801996118234
90866,2.7246307604121102e-05,0.011976047904191617,0.002275066684944112
23835,2.584041236027814e-05,0.011976047904191617,0.0021576744320832247
21742,2.533782777677924e-05,0.017964071856287425,0.0014104724129073776
18091,2.4314422089049992e-05,0.017964071856287425,0.001353502829623783
82634,2.321307748204641e-05,0.017964071856287425,0.0012921946465005835
83779,2.2870173178837684e-05,0.023952095808383235,0.0009548297302164733
15534,2.244886763604437e-05,0.017964071856287425,0.0012496536317398034
85059,2.190699687337216e-05,0.017964071856287425,0.001219489492617717
17787,2.1765800809907833e-05,0.017964071856287425,0.0012116295784182027
52337,2.1474825532903357e-05,0.017964071856287425,0.0011954319546649535
20415,2.126056865021147e-05,0.017964071856287425,0.001183504988195105
32678,2.0469213445965543e-05,0.017964071856287425,0.0011394528818254152
90708,2.012604314240384e-05,0.017964071856287425,0.0011203497349271472
13947,1.9845044914384126e-05,0.017964071856287425,0.0011047075002340496
89301,1.983085726266419e-05,0.005988023952095809,0.00331175316286492
55001,1.9623767790125503e-05,0.005988023952095809,0.003277169220950959
47941,1.9588614306017932e-05,0.011976047904191617,0.0016356492945524973
51625,1.958013116436077e-05,0.011976047904191617,0.0016349409522241243
77300,1.9305599691868598e-05,0.011976047904191617,0.001612017574271028
15397,1.9121012599952354e-05,0.029940119760479042,0.0006386418208384087
13527,1.905149691073001e-05,0.011976047904191617,0.0015907999920459557
17864,1.8669710534385855e-05,0.011976047904191617,0.0015589208296212188
37161,1.8124392165518007e-05,0.017964071856287425,0.0010089244972138357
90044,1.6812099851789896e-05,0.005988023952095809,0.0028076206752489126
11809,1.643577305830824e-05,0.017964071856287425,0.0009149247002458253
12503,1.5187652907623419e-05,0.005988023952095809,0.002536338035573111
13169,1.4496442200278667e-05,0.011976047904191617,0.0012104529237232688
84042,1.3853346574043386e-05,0.011976047904191617,0.0011567544389326227
19484,1.1953886808673645e-05,0.011976047904191617,0.0009981495485242493
80928,1.176606711337344e-05,0.005988023952095809,0.0019649332079333644
82272,1.0879337822453026e-05,0.005988023952095809,0.0018168494163496552
15643,1.032576334857006e-05,0.005988023952095809,0.0017244024792112001
59045,1.0315516688402359e-05,0.005988023952095809,0.0017226912869631938
90786,1.0053859612901067e-05,0.005988023952095809,0.0016789945553544782
86979,8.722717650058881e-06,0.005988023952095809,0.001456693847559833
64194,8.047839839847832e-06,0.005988023952095809,0.001343989253254588
76661,6.71460329650296e-06,0.005988023952095809,0.0011213387505159943
67847,6.299552433085028e-06,0.005988023952095809,0.0010520252563251996
90038,5.926298298948802e-06,0.005988023952095809,0.00098969181592445
88351,5.612966874729477e-06,0.005988023952095809,0.0009373654680798226
