combo,n_features,fold,hmm_seed,n_xgb_seeds,fee,val_sharpe,n_val_months,hmm_elapsed_sec,xgb_elapsed_sec
DD,1,1,0,5,0.001,0.683948393065363,24,30.525973081588745,35.86055397987366
DD,1,1,2,5,0.001,0.34765592608451845,24,30.22030282020569,36.45638608932495
DD,1,1,1,5,0.001,-0.11727493477209955,24,30.391626119613647,36.48345184326172
DD,1,2,0,5,0.001,0.36427739508158524,24,41.81973910331726,50.729480028152466
DD,1,2,2,5,0.001,0.4939492028229034,24,42.062849044799805,52.35660791397095
DD,1,2,1,5,0.001,0.32908018502127534,24,42.22964406013489,52.4609100818634
DD,1,3,0,5,0.001,-0.3970801427115559,24,48.29827690124512,56.868985176086426
DD,1,3,1,5,0.001,-0.4824471474323058,24,47.89945077896118,57.67729425430298
DD,1,3,2,5,0.001,-0.48665204226299125,24,48.11558723449707,58.64389109611511
DD,1,4,0,5,0.001,0.3779527446144485,24,60.49088525772095,77.0264048576355
DD,1,4,2,5,0.001,0.3086549773815962,24,60.886842012405396,77.22770595550537
DD,1,4,1,5,0.001,0.3548459133535577,24,60.921091079711914,77.59205913543701
DD+VOL,2,1,0,5,0.001,0.9287331283138679,24,35.27504301071167,44.16344404220581
DD+VOL,2,1,2,5,0.001,0.6417670750826862,24,34.84210705757141,45.65882873535156
DD+VOL,2,1,1,5,0.001,1.341458031451951,24,34.76193380355835,46.04218506813049
DD,1,5,0,5,0.001,0.5623001273803436,24,70.32381701469421,83.71076798439026
DD,1,5,1,5,0.001,0.3255143682909152,24,69.65854811668396,86.17185592651367
DD,1,5,2,5,0.001,-0.0005501349320290323,24,70.09665822982788,86.28452587127686
DD+VOL,2,2,0,5,0.001,0.11918999337936,24,38.229711055755615,44.944941997528076
DD+VOL,2,2,2,5,0.001,0.4663709327710651,24,38.85137486457825,46.388099908828735
DD+VOL,2,2,1,5,0.001,0.19007982272514692,24,38.871195793151855,46.57757902145386
DD+VOL,2,3,0,5,0.001,-0.5340653094649057,24,48.999809980392456,57.404088258743286
DD+VOL,2,3,1,5,0.001,-0.5015962625630308,24,49.20402693748474,63.391273975372314
DD+VOL,2,3,2,5,0.001,-0.5763416039302428,24,49.51434803009033,65.72382593154907
DD+VOL,2,4,0,5,0.001,0.45676943140967974,24,57.63658809661865,66.31646394729614
DD+VOL,2,4,2,5,0.001,0.5579365207326779,24,58.58949398994446,70.42444491386414
DD+VOL,2,4,1,5,0.001,0.9717272262702259,24,58.06694507598877,71.27152895927429
DD+VOL,2,5,0,5,0.001,-0.6765936970345683,24,67.5996789932251,82.18078994750977
DD+VOL,2,5,1,5,0.001,0.18230444143613758,24,66.48356771469116,83.75322008132935
DD+CS,2,1,0,5,0.001,0.05546831283402649,24,31.98505210876465,40.44218873977661
DD+VOL,2,5,2,5,0.001,-0.29777265081206544,24,66.67291808128357,82.42623615264893
DD+CS,2,1,1,5,0.001,0.20613169011008645,24,31.294886827468872,43.81449913978577
DD+CS,2,1,2,5,0.001,-0.27376037397074066,24,31.243903875350952,43.94662404060364
DD+CS,2,2,0,5,0.001,1.156586383091078,24,39.38877320289612,45.39244103431702
DD+CS,2,2,2,5,0.001,0.09348766572617252,24,38.49415898323059,45.065776109695435
DD+CS,2,2,1,5,0.001,0.2045365811356748,24,39.146546840667725,47.430830001831055
DD+CS,2,3,0,5,0.001,-0.521786916360503,24,48.40397906303406,58.25925397872925
DD+CS,2,3,2,5,0.001,-0.2968118647588396,24,48.19854211807251,60.2647008895874
DD+CS,2,3,1,5,0.001,-0.1913502120000723,24,48.5373911857605,60.586284160614014
DD+CS,2,4,0,5,0.001,0.44002775624504215,24,55.93508291244507,65.35954523086548
DD+CS,2,4,1,5,0.001,1.3125687650570215,24,55.23678469657898,66.17728614807129
DD+CS,2,4,2,5,0.001,0.940445393269779,24,54.8417751789093,67.39785766601562
DD+CS,2,5,0,5,0.001,0.20510856412998243,24,65.78000521659851,81.13734984397888
DD+LVIX,2,1,0,5,0.001,0.9753460690737243,24,29.22714400291443,37.25070786476135
DD+LVIX,2,1,1,5,0.001,0.37348358397767784,24,28.498117923736572,37.90739893913269
DD+CS,2,5,1,5,0.001,0.8892164762488632,24,66.38091492652893,83.16657876968384
DD+CS,2,5,2,5,0.001,0.3635863472666504,24,66.68254017829895,83.01129007339478
DD+LVIX,2,1,2,5,0.001,0.7589003098584705,24,28.401349782943726,37.91619920730591
DD+LVIX,2,2,0,5,0.001,0.41826702535958304,24,37.865846157073975,44.366868019104004
DD+LVIX,2,2,1,5,0.001,0.27437650083184795,24,38.084954023361206,42.82512903213501
DD+LVIX,2,2,2,5,0.001,0.1659747199817927,24,37.574334144592285,44.019999980926514
DD+LVIX,2,3,1,5,0.001,0.09063476205780893,24,46.909440994262695,64.48118019104004
DD+LVIX,2,3,0,5,0.001,-0.2356644381810106,24,47.056126832962036,65.0608057975769
DD+LVIX,2,3,2,5,0.001,-0.8102672902077974,24,46.540178060531616,63.35720491409302
DD+LVIX,2,4,0,5,0.001,0.9375514196997056,24,55.47910404205322,67.29836010932922
DD+LVIX,2,4,1,5,0.001,1.693931616547515,24,56.148857831954956,66.68809819221497
DD+LVIX,2,4,2,5,0.001,0.8620360718195972,24,55.84906005859375,67.57419991493225
DD+DISP,2,1,0,5,0.001,0.6523727995969759,24,29.94063115119934,39.97478699684143
DD+DISP,2,1,1,5,0.001,1.1139164167644202,24,29.62688398361206,40.08889079093933
DD+LVIX,2,5,0,5,0.001,0.18942845442273817,24,65.22546911239624,86.50448894500732
DD+LVIX,2,5,1,5,0.001,0.03412002553144662,24,64.9876012802124,86.62103509902954
DD+LVIX,2,5,2,5,0.001,0.249285903421187,24,64.72573494911194,87.00697016716003
DD+DISP,2,1,2,5,0.001,0.7733752134004502,24,29.7522931098938,36.51318311691284
DD+DISP,2,2,0,5,0.001,0.35307087563029177,24,37.51805019378662,46.63334393501282
DD+DISP,2,2,1,5,0.001,0.06378630536633369,24,37.615849018096924,46.739098072052
DD+DISP,2,2,2,5,0.001,0.21107744890929694,24,37.73003816604614,50.30519771575928
DD+DISP,2,3,0,5,0.001,-0.4523882351153902,24,46.955748081207275,59.98105311393738
DD+DISP,2,3,1,5,0.001,-0.4973283174943958,24,47.06932210922241,61.1278657913208
DD+DISP,2,3,2,5,0.001,-0.6029271819807434,24,46.470601081848145,59.711618185043335
DD+DISP,2,4,0,5,0.001,1.779538573840415,24,56.139933347702026,67.30251479148865
DD+DISP,2,4,1,5,0.001,1.5766891197256674,24,56.57778573036194,68.64558601379395
DD+DISP,2,4,2,5,0.001,1.4881666929585746,24,56.57291078567505,69.18132615089417
DD+DISP,2,5,0,5,0.001,-0.4181663187306966,24,65.64746713638306,83.06975388526917
DD+DISP,2,5,1,5,0.001,-0.29625788116823365,24,64.90806317329407,82.80995297431946
DD+DISP,2,5,2,5,0.001,-0.7008430294733045,24,65.2156310081482,80.85405707359314
DD+REL_N,2,1,0,5,0.001,0.5032177984210423,24,29.326430797576904,35.69840598106384
DD+REL_N,2,1,1,5,0.001,0.3951888371153182,24,29.913506269454956,35.24921274185181
DD+REL_N,2,1,2,5,0.001,0.6220372952356391,24,29.77750015258789,34.66786575317383
DD+REL_N,2,2,0,5,0.001,0.29750266092120314,24,38.036070108413696,46.98287010192871
DD+REL_N,2,2,1,5,0.001,0.4218731057562306,24,37.72652888298035,47.422297954559326
DD+REL_N,2,2,2,5,0.001,0.4151873701898361,24,38.050631046295166,47.91601204872131
DD+REL_N,2,3,0,5,0.001,-0.5940751685139848,24,46.56571125984192,57.918309688568115
DD+REL_N,2,3,1,5,0.001,-0.6564624580037403,24,47.176223039627075,57.699559926986694
DD+REL_N,2,3,2,5,0.001,-0.672779611216717,24,47.5044219493866,55.522578954696655
DD+REL_N,2,4,0,5,0.001,0.8874887312927304,24,55.09535312652588,66.24825406074524
DD+REL_N,2,4,1,5,0.001,0.996787119942245,24,54.47056603431702,66.8437111377716
DD+REL_N,2,4,2,5,0.001,1.9027099668162557,24,55.112762689590454,66.5704493522644
DD+REL_N,2,5,0,5,0.001,0.3818234758493028,24,64.34336805343628,78.40309882164001
DD+REL_N,2,5,1,5,0.001,0.6642144051440834,24,65.55659914016724,79.45652794837952
DD+REL_N,2,5,2,5,0.001,0.5173246560923275,24,65.66788506507874,77.93108081817627
DD+TERM,2,1,0,5,0.001,-0.2459520132532776,24,28.507266998291016,37.19043684005737
DD+TERM,2,1,1,5,0.001,0.8042968154380362,24,28.238247871398926,38.13942098617554
DD+TERM,2,1,2,5,0.001,0.7710489633960529,24,28.17554211616516,36.324450731277466
DD+TERM,2,2,0,5,0.001,-0.5286325923782589,24,37.47323203086853,46.60305094718933
DD+TERM,2,2,1,5,0.001,0.9825888384178941,24,37.534817934036255,47.31943702697754
DD+TERM,2,2,2,5,0.001,0.23103385985969596,24,37.682026863098145,47.76270413398743
DD+TERM,2,3,0,5,0.001,-0.1253863788900126,24,46.979713916778564,61.44675397872925
DD+TERM,2,3,1,5,0.001,-0.5144335294724756,24,46.65028619766235,61.65870189666748
DD+TERM,2,3,2,5,0.001,-0.4365353080587261,24,46.54422903060913,60.83725380897522
DD+TERM,2,4,0,5,0.001,1.132038984201618,24,56.189310789108276,66.41805601119995
DD+TERM,2,4,1,5,0.001,-0.2894038341623958,24,56.27099108695984,73.43814516067505
DD+TERM,2,4,2,5,0.001,0.74939917644701,24,56.25268507003784,73.70765399932861
DD+TERM,2,5,0,5,0.001,-0.1731507519917125,24,64.90982389450073,94.96303701400757
DD+TERM,2,5,1,5,0.001,0.010793325153564248,24,64.69451999664307,94.96396803855896
DD+TERM,2,5,2,5,0.001,-0.31729522807417276,24,64.79070782661438,94.66930413246155
DD+SKEW,2,1,0,5,0.001,-0.01441526756112751,24,37.76820206642151,39.11932897567749
DD+SKEW,2,1,1,5,0.001,0.9405181207599602,24,32.516013860702515,37.957435131073
DD+SKEW,2,1,2,5,0.001,0.37837303183541215,24,32.18178987503052,37.9428071975708
DD+SKEW,2,2,0,5,0.001,0.9097571750965895,24,40.30806493759155,51.8489670753479
DD+SKEW,2,2,1,5,0.001,0.15821004887046033,24,40.142757177352905,52.8291130065918
DD+SKEW,2,2,2,5,0.001,0.6164277782095895,24,39.817610025405884,53.512524127960205
DD+SKEW,2,3,0,5,0.001,-0.48357065840087576,24,50.82098889350891,61.303919076919556
DD+SKEW,2,3,1,5,0.001,-0.5685362153588336,24,50.39077401161194,60.36979079246521
DD+SKEW,2,3,2,5,0.001,-0.458731156089951,24,50.18672299385071,60.43564319610596
DD+SKEW,2,4,0,5,0.001,0.8714527676378727,24,56.376181840896606,73.49641394615173
DD+SKEW,2,4,1,5,0.001,1.0340712947332276,24,56.147478103637695,74.54020690917969
DD+SKEW,2,4,2,5,0.001,1.531820067256335,24,56.10469102859497,73.88832497596741
DD+SKEW,2,5,0,5,0.001,0.18383534969351864,24,67.89487075805664,84.48950004577637
DD+SKEW,2,5,1,5,0.001,-0.011673798277554279,24,69.24800300598145,83.42251014709473
DD+SKEW,2,5,2,5,0.001,-0.1907458302309669,24,69.10037088394165,83.4721622467041
DD+VOL+CS,3,1,0,5,0.001,0.07047910991044695,24,29.762486934661865,37.929473876953125
DD+VOL+CS,3,1,1,5,0.001,-0.20430375091348427,24,29.073173999786377,38.89191198348999
DD+VOL+CS,3,1,2,5,0.001,0.26628513148509475,24,28.919122219085693,39.49901723861694
DD+VOL+CS,3,2,0,5,0.001,0.7212522699967808,24,38.35589814186096,45.982661962509155
DD+VOL+CS,3,2,1,5,0.001,0.775010184398813,24,38.85849714279175,47.620691776275635
DD+VOL+CS,3,2,2,5,0.001,0.7217122224986733,24,39.037290811538696,48.80009078979492
DD+VOL+CS,3,3,0,5,0.001,-0.2105478199409035,24,47.181955099105835,58.938313007354736
DD+VOL+CS,3,3,1,5,0.001,-0.46734598673545774,24,46.807432889938354,60.615797996520996
DD+VOL+CS,3,3,2,5,0.001,-0.3930692601482097,24,46.70870018005371,61.00641894340515
DD+VOL+CS,3,4,0,5,0.001,1.0842275396466245,24,56.287193775177,64.6512360572815
DD+VOL+CS,3,4,1,5,0.001,1.2320730671516231,24,56.91789126396179,69.48874187469482
DD+VOL+CS,3,4,2,5,0.001,0.7094302483361071,24,56.821388959884644,68.71748495101929
DD+VOL+LVIX,3,1,0,5,0.001,0.8683109192601004,24,30.629663944244385,38.269187927246094
DD+VOL+CS,3,5,0,5,0.001,1.0244758051985858,24,65.77917718887329,81.77820110321045
DD+VOL+CS,3,5,1,5,0.001,0.29217620972810765,24,65.58517694473267,84.3833589553833
DD+VOL+CS,3,5,2,5,0.001,0.5819134309336951,24,65.61258816719055,84.27907514572144
DD+VOL+LVIX,3,1,1,5,0.001,0.5603189966529402,24,30.164300203323364,37.90289092063904
DD+VOL+LVIX,3,1,2,5,0.001,1.1296890611244754,24,30.41923189163208,37.037625789642334
DD+VOL+LVIX,3,2,0,5,0.001,0.45985851577619696,24,38.643990993499756,47.40932011604309
DD+VOL+LVIX,3,2,1,5,0.001,0.4371350513988774,24,38.72131013870239,49.09086298942566
DD+VOL+LVIX,3,2,2,5,0.001,0.3703117742685308,24,38.46215081214905,50.79423809051514
DD+VOL+LVIX,3,3,0,5,0.001,-0.17870366270019875,24,48.263012170791626,59.84921073913574
DD+VOL+LVIX,3,3,1,5,0.001,-0.3238806308688633,24,49.3075008392334,60.76421618461609
DD+VOL+LVIX,3,3,2,5,0.001,-0.3459235158143084,24,48.94106435775757,60.786558866500854
DD+VOL+LVIX,3,4,0,5,0.001,0.11845437582656639,24,56.34901809692383,67.16138887405396
DD+VOL+LVIX,3,4,1,5,0.001,1.1998330450405708,24,56.2532799243927,67.94110298156738
DD+VOL+LVIX,3,4,2,5,0.001,0.42911460888769876,24,56.90847420692444,68.94386196136475
DD+VOL+LVIX,3,5,0,5,0.001,0.5527259491196829,24,65.54949808120728,80.47164177894592
DD+VOL+LVIX,3,5,1,5,0.001,-0.21169176816063334,24,66.76875805854797,83.20696425437927
DD+VOL+LVIX,3,5,2,5,0.001,0.48550311412870367,24,66.17262983322144,82.73489093780518
DD+VOL+DISP,3,1,0,5,0.001,0.7395612330331608,24,30.801926851272583,37.400595903396606
DD+VOL+DISP,3,1,1,5,0.001,0.17879801369225623,24,30.584285974502563,37.57468104362488
DD+VOL+DISP,3,1,2,5,0.001,1.2745684932399783,24,30.794616222381592,35.05195379257202
DD+VOL+DISP,3,2,0,5,0.001,0.12209618095142019,24,38.32539916038513,46.880358934402466
DD+VOL+DISP,3,2,1,5,0.001,0.4628264779272565,24,38.600918769836426,48.525315046310425
DD+VOL+DISP,3,2,2,5,0.001,0.7026401842973179,24,38.37303709983826,50.63471603393555
DD+VOL+DISP,3,3,0,5,0.001,-0.3788668068546888,24,47.28625798225403,58.97518301010132
DD+VOL+DISP,3,3,1,5,0.001,-0.4957583185359925,24,47.3533661365509,60.171936988830566
DD+VOL+DISP,3,3,2,5,0.001,-0.5524011912859046,24,47.32934594154358,56.48590087890625
DD+VOL+DISP,3,4,0,5,0.001,0.5365148882281637,24,55.06707692146301,64.19437503814697
DD+VOL+DISP,3,4,1,5,0.001,1.025559663825206,24,55.71236801147461,66.85470795631409
DD+VOL+DISP,3,4,2,5,0.001,0.867854683288316,24,55.87867188453674,67.81321215629578
DD+VOL+DISP,3,5,0,5,0.001,0.4517175014431496,24,64.54411315917969,79.48376393318176
DD+VOL+REL_N,3,1,0,5,0.001,-0.019347654051391817,24,29.06500816345215,39.025617837905884
DD+VOL+DISP,3,5,1,5,0.001,-0.28984412193368203,24,64.80372309684753,83.1117250919342
DD+VOL+DISP,3,5,2,5,0.001,0.4052551765283395,24,64.49074292182922,82.12235498428345
DD+VOL+REL_N,3,1,1,5,0.001,0.589352208185522,24,29.4779109954834,36.75609517097473
DD+VOL+REL_N,3,1,2,5,0.001,0.5460187108146025,24,29.179084062576294,36.22413492202759
DD+VOL+REL_N,3,2,0,5,0.001,0.5396119837172312,24,38.53502297401428,46.71429395675659
DD+VOL+REL_N,3,2,1,5,0.001,-0.05162791653862206,24,37.66693997383118,44.83814597129822
DD+VOL+REL_N,3,2,2,5,0.001,0.7278716108634447,24,37.79725217819214,46.608173847198486
DD+VOL+REL_N,3,3,0,5,0.001,-0.4014803115607637,24,46.7690908908844,57.57778310775757
DD+VOL+REL_N,3,3,1,5,0.001,-0.7007217111173011,24,48.13611125946045,59.06506872177124
DD+VOL+REL_N,3,3,2,5,0.001,-0.3195450637841519,24,47.40585708618164,58.491751194000244
DD+VOL+REL_N,3,4,0,5,0.001,1.8177905755798418,24,55.45063519477844,64.80815100669861
DD+VOL+REL_N,3,4,1,5,0.001,2.1192157228064565,24,54.89077687263489,65.35094809532166
DD+VOL+REL_N,3,4,2,5,0.001,1.3551866803975414,24,55.49940204620361,66.50967812538147
DD+VOL+REL_N,3,5,0,5,0.001,0.3601812665994688,24,64.35085487365723,79.03328323364258
DD+VOL+TERM,3,1,0,5,0.001,0.5054460125014173,24,28.906280994415283,38.89588713645935
DD+VOL+REL_N,3,5,1,5,0.001,0.17073307743270838,24,65.79841303825378,80.1858229637146
DD+VOL+TERM,3,1,1,5,0.001,0.6983647781573802,24,28.714116096496582,38.58874201774597
DD+VOL+REL_N,3,5,2,5,0.001,0.7792551806556436,24,65.23619890213013,81.6753180027008
DD+VOL+TERM,3,1,2,5,0.001,0.401742766335291,24,29.042887926101685,36.8099639415741
DD+VOL+TERM,3,2,0,5,0.001,0.45875755155232645,24,37.32996320724487,44.025136947631836
DD+VOL+TERM,3,2,1,5,0.001,-0.059216587980308606,24,37.21442008018494,44.90132808685303
DD+VOL+TERM,3,2,2,5,0.001,-0.21562851298635835,24,37.61394929885864,47.03984475135803
DD+VOL+TERM,3,3,0,5,0.001,-0.48539979536952976,24,46.28982400894165,62.308343172073364
DD+VOL+TERM,3,3,1,5,0.001,-0.5903475485380972,24,46.69689393043518,62.24403190612793
DD+VOL+TERM,3,3,2,5,0.001,-0.06761251195114934,24,46.141090869903564,61.06248188018799
DD+VOL+TERM,3,4,0,5,0.001,0.9821057730687469,24,56.2054328918457,62.53767395019531
DD+VOL+TERM,3,4,1,5,0.001,1.4611086005061082,24,55.41952991485596,64.6567530632019
DD+VOL+TERM,3,4,2,5,0.001,1.1695305986141844,24,56.10136318206787,65.76398921012878
DD+VOL+SKEW,3,1,0,5,0.001,0.0841736935926408,24,30.684502124786377,37.397395849227905
DD+VOL+TERM,3,5,0,5,0.001,0.11857057916064255,24,64.49950385093689,84.28981709480286
DD+VOL+TERM,3,5,1,5,0.001,0.5341959208946853,24,65.18728399276733,85.0532820224762
DD+VOL+TERM,3,5,2,5,0.001,0.5504648263133214,24,64.99594211578369,86.76361608505249
DD+VOL+SKEW,3,1,1,5,0.001,0.6965474305332747,24,30.330518007278442,37.50009512901306
DD+VOL+SKEW,3,1,2,5,0.001,0.3028969760904241,24,29.84406805038452,35.49667000770569
DD+VOL+SKEW,3,2,0,5,0.001,0.7724096379989881,24,37.08279609680176,44.638898849487305
DD+VOL+SKEW,3,2,1,5,0.001,0.2512502560551437,24,36.82354378700256,48.74453806877136
DD+VOL+SKEW,3,2,2,5,0.001,0.4395841029244807,24,37.218318939208984,48.35553312301636
DD+VOL+SKEW,3,3,0,5,0.001,-0.3149063347702788,24,46.2330219745636,58.04513692855835
DD+VOL+SKEW,3,3,1,5,0.001,-0.19647110763432243,24,46.32809805870056,61.11923384666443
DD+VOL+SKEW,3,3,2,5,0.001,-0.397847452467416,24,46.56612205505371,59.47449088096619
DD+VOL+SKEW,3,4,0,5,0.001,0.6437070745037821,24,54.90357279777527,67.04715418815613
DD+VOL+SKEW,3,4,1,5,0.001,0.8022601021781333,24,54.55654692649841,69.86906695365906
DD+VOL+SKEW,3,4,2,5,0.001,0.7874331734719641,24,55.761934995651245,69.5414309501648
DD+VOL+SKEW,3,5,0,5,0.001,0.37995082447199463,24,66.42361998558044,81.09185719490051
DD+CS+LVIX,3,1,0,5,0.001,1.343104383535676,24,29.694397926330566,36.71113586425781
DD+VOL+SKEW,3,5,1,5,0.001,0.11427732686524676,24,67.55972409248352,80.92939186096191
DD+VOL+SKEW,3,5,2,5,0.001,0.01391343753499259,24,68.41967797279358,81.02604413032532
DD+CS+LVIX,3,1,1,5,0.001,0.28014608294183485,24,29.33458709716797,36.367023229599
DD+CS+LVIX,3,1,2,5,0.001,0.4378423705390193,24,28.97121787071228,36.75619101524353
DD+CS+LVIX,3,2,0,5,0.001,0.5194529919864338,24,37.22219800949097,46.62530207633972
DD+CS+LVIX,3,2,1,5,0.001,0.7846685376546141,24,37.1793417930603,45.56380796432495
DD+CS+LVIX,3,2,2,5,0.001,1.0987278349158613,24,37.502050161361694,47.67009997367859
DD+CS+LVIX,3,3,0,5,0.001,-0.22999811493269037,24,46.94367003440857,57.26901698112488
DD+CS+LVIX,3,3,1,5,0.001,-0.4331285446598293,24,46.46852374076843,56.87488579750061
DD+CS+LVIX,3,3,2,5,0.001,-0.4734595136443875,24,47.15418815612793,56.62625789642334
DD+CS+LVIX,3,4,0,5,0.001,1.3911908281231644,24,55.28283095359802,66.92856693267822
DD+CS+LVIX,3,4,1,5,0.001,0.9215534068399551,24,54.79387307167053,68.02428698539734
DD+CS+LVIX,3,4,2,5,0.001,1.1707495985244794,24,55.838146924972534,67.25050687789917
DD+CS+LVIX,3,5,0,5,0.001,-0.25080694163881934,24,66.61498188972473,78.94388771057129
DD+CS+LVIX,3,5,1,5,0.001,0.34858401140512574,24,66.04737424850464,79.4646999835968
DD+CS+LVIX,3,5,2,5,0.001,0.42530047271569144,24,66.43641114234924,79.03921890258789
DD+CS+DISP,3,1,0,5,0.001,0.499376549558698,24,28.86744785308838,35.95193290710449
DD+CS+DISP,3,1,1,5,0.001,1.1162552094687908,24,28.79066824913025,35.693870067596436
DD+CS+DISP,3,1,2,5,0.001,0.05840535715076998,24,29.08872699737549,35.12049984931946
DD+CS+DISP,3,2,0,5,0.001,0.11425806199304817,24,37.75922703742981,47.65759611129761
DD+CS+DISP,3,2,1,5,0.001,-0.29565177842746654,24,37.05792307853699,48.26573705673218
DD+CS+DISP,3,2,2,5,0.001,0.30168399375712507,24,37.79789185523987,49.296147108078
DD+CS+DISP,3,3,0,5,0.001,-0.4294330000616113,24,46.85014605522156,59.388492822647095
DD+CS+DISP,3,3,1,5,0.001,-0.2576655492268794,24,47.083207845687866,58.3857319355011
DD+CS+DISP,3,3,2,5,0.001,-0.42211497017179156,24,47.70209574699402,57.08861422538757
DD+CS+DISP,3,4,0,5,0.001,1.1947760163114294,24,55.8474223613739,67.68438768386841
DD+CS+DISP,3,4,1,5,0.001,1.5886640127521263,24,54.7235689163208,67.83672404289246
DD+CS+DISP,3,4,2,5,0.001,0.9913586804178369,24,55.753597021102905,69.78284072875977
DD+CS+DISP,3,5,0,5,0.001,0.12906759775564922,24,65.09986186027527,80.56943011283875
DD+CS+DISP,3,5,1,5,0.001,0.04054603654711591,24,64.85037469863892,80.2340669631958
DD+CS+DISP,3,5,2,5,0.001,-0.04529978636181135,24,65.38274216651917,79.9597020149231
DD+CS+REL_N,3,1,0,5,0.001,0.6131778916398555,24,29.71451473236084,36.767656087875366
DD+CS+REL_N,3,1,1,5,0.001,0.18169647561912913,24,29.29783296585083,35.542540073394775
DD+CS+REL_N,3,1,2,5,0.001,0.7949492693343353,24,29.900378227233887,36.27440071105957
DD+CS+REL_N,3,2,0,5,0.001,0.2910577862067086,24,39.61637091636658,60.90584707260132
DD+CS+REL_N,3,2,1,5,0.001,-0.04919535639329985,24,39.96518683433533,62.539377212524414
DD+CS+REL_N,3,2,2,5,0.001,-0.1397264058114979,24,40.6392662525177,61.88919496536255
DD+CS+REL_N,3,3,0,5,0.001,-0.30042111640142405,24,56.14938974380493,71.2233350276947
DD+CS+REL_N,3,3,1,5,0.001,-0.30555479653928375,24,56.58070778846741,71.37093210220337
DD+CS+REL_N,3,3,2,5,0.001,-0.28866635526834783,24,56.07721972465515,69.89900231361389
DD+CS+REL_N,3,4,0,5,0.001,0.7251724921801904,24,61.36446714401245,72.77143287658691
DD+CS+REL_N,3,4,1,5,0.001,1.2260621977531945,24,60.93247389793396,72.48636817932129
DD+CS+REL_N,3,4,2,5,0.001,1.1549871803434582,24,60.28017711639404,74.57265281677246
DD+CS+REL_N,3,5,0,5,0.001,1.1745970063121467,24,74.44065594673157,86.25225114822388
DD+CS+REL_N,3,5,1,5,0.001,1.438962803350223,24,74.21521210670471,86.07934808731079
DD+CS+TERM,3,1,0,5,0.001,0.11119609772570606,24,31.876656770706177,40.69093871116638
DD+CS+TERM,3,1,1,5,0.001,0.15328664260142186,24,32.3279869556427,39.141282081604004
DD+CS+REL_N,3,5,2,5,0.001,0.2918007587246174,24,73.84011697769165,86.17987489700317
DD+CS+TERM,3,1,2,5,0.001,0.3028918582764963,24,33.35825800895691,38.94973421096802
DD+CS+TERM,3,2,0,5,0.001,0.8101169242614714,24,48.949211835861206,58.92225790023804
DD+CS+TERM,3,2,1,5,0.001,0.6081301008261267,24,48.94178295135498,59.165050983428955
DD+CS+TERM,3,2,2,5,0.001,0.6104327039014458,24,49.00503396987915,59.80901312828064
DD+CS+TERM,3,3,0,5,0.001,-0.225615480513909,24,64.49326586723328,62.67182803153992
DD+CS+TERM,3,3,1,5,0.001,-0.18942333664717453,24,66.63329792022705,63.365479946136475
DD+CS+TERM,3,3,2,5,0.001,-0.24059527952111465,24,65.98368191719055,63.713624000549316
DD+CS+TERM,3,4,0,5,0.001,1.3049433453673585,24,59.31487417221069,69.61624598503113
DD+CS+TERM,3,4,1,5,0.001,1.223654552110332,24,58.36000299453735,71.8868408203125
DD+CS+TERM,3,4,2,5,0.001,1.0369858500608002,24,58.12976312637329,71.3990409374237
DD+CS+TERM,3,5,0,5,0.001,0.5962052767804885,24,68.65449500083923,81.52900910377502
DD+CS+TERM,3,5,1,5,0.001,-0.4819493906433996,24,69.2208411693573,81.10849905014038
DD+CS+TERM,3,5,2,5,0.001,0.13315940743623375,24,70.18396091461182,79.56128096580505
DD+CS+SKEW,3,1,0,5,0.001,0.42625176309848656,24,30.67506718635559,36.29250884056091
DD+CS+SKEW,3,1,1,5,0.001,-0.23264520134144676,24,30.531431198120117,36.82114386558533
DD+CS+SKEW,3,1,2,5,0.001,0.3769618612764585,24,30.937030792236328,36.81658411026001
DD+CS+SKEW,3,2,0,5,0.001,0.303785091192105,24,39.76650881767273,47.81665301322937
DD+CS+SKEW,3,2,1,5,0.001,0.4924011208418561,24,40.607656955718994,48.38936400413513
DD+CS+SKEW,3,2,2,5,0.001,0.09471636225958427,24,40.034828662872314,49.834105014801025
DD+CS+SKEW,3,3,0,5,0.001,-0.5048636976283218,24,48.99561071395874,60.523024797439575
DD+CS+SKEW,3,3,1,5,0.001,-0.33446914981119963,24,48.90640592575073,61.04772615432739
DD+CS+SKEW,3,3,2,5,0.001,-0.4445009756706007,24,49.461780309677124,60.54963207244873
DD+CS+SKEW,3,4,0,5,0.001,0.1612279341361791,24,57.97992515563965,74.30350279808044
DD+CS+SKEW,3,4,1,5,0.001,0.20465116076303477,24,59.38299107551575,76.43180298805237
DD+CS+SKEW,3,4,2,5,0.001,1.31865519780404,24,62.444838762283325,76.43638515472412
DD+CS+SKEW,3,5,0,5,0.001,0.6661616456370725,24,74.91809606552124,85.38085103034973
DD+LVIX+DISP,3,1,0,5,0.001,0.8865357671312654,24,31.690542936325073,41.163875102996826
DD+CS+SKEW,3,5,1,5,0.001,0.11282214352679942,24,74.63476490974426,84.99140501022339
DD+CS+SKEW,3,5,2,5,0.001,0.660636473466546,24,76.93081307411194,83.62480425834656
DD+LVIX+DISP,3,1,1,5,0.001,0.5001723847189228,24,31.14990782737732,42.15383815765381
DD+LVIX+DISP,3,1,2,5,0.001,0.9449109169930404,24,31.06193494796753,41.40436506271362
DD+LVIX+DISP,3,2,0,5,0.001,0.3867574997401277,24,39.149107217788696,47.80849289894104
DD+LVIX+DISP,3,2,1,5,0.001,0.32595752621796764,24,38.846330881118774,49.620250940322876
DD+LVIX+DISP,3,2,2,5,0.001,0.34756182449643064,24,38.865805864334106,50.25861406326294
DD+LVIX+DISP,3,3,0,5,0.001,-0.4903748977367979,24,47.91533899307251,60.27284598350525
DD+LVIX+DISP,3,3,1,5,0.001,-0.19857126324328872,24,47.096293210983276,58.612842321395874
DD+LVIX+DISP,3,3,2,5,0.001,-0.5569122538935675,24,47.4646520614624,57.05251693725586
DD+LVIX+DISP,3,4,0,5,0.001,1.0504506287231024,24,55.358763694763184,65.49242615699768
DD+LVIX+DISP,3,4,1,5,0.001,0.8754398281198484,24,55.12518119812012,69.8261308670044
DD+LVIX+DISP,3,4,2,5,0.001,1.0064119884317841,24,54.86723017692566,69.53906679153442
DD+LVIX+DISP,3,5,0,5,0.001,0.5774505318531618,24,65.1985092163086,81.05731391906738
DD+LVIX+DISP,3,5,1,5,0.001,0.6742866608969762,24,65.16155409812927,82.15228390693665
DD+LVIX+REL_N,3,1,0,5,0.001,2.303603570760929,24,29.938348054885864,36.74110198020935
DD+LVIX+DISP,3,5,2,5,0.001,0.4280049512808924,24,65.32739400863647,81.97934985160828
DD+LVIX+REL_N,3,1,1,5,0.001,1.032196381003339,24,29.468501091003418,37.661447048187256
DD+LVIX+REL_N,3,1,2,5,0.001,0.7317555505355549,24,29.055123329162598,37.62296390533447
DD+LVIX+REL_N,3,2,0,5,0.001,-0.13150124482520192,24,38.48621606826782,45.88239574432373
DD+LVIX+REL_N,3,2,1,5,0.001,0.2657563418719921,24,38.53859782218933,47.783833265304565
DD+LVIX+REL_N,3,2,2,5,0.001,0.9757743775241497,24,38.590394020080566,45.363518953323364
DD+LVIX+REL_N,3,3,0,5,0.001,-0.27369260526007266,24,47.66883373260498,58.483747243881226
DD+LVIX+REL_N,3,3,1,5,0.001,-0.25702356211009686,24,47.49315404891968,58.8235080242157
DD+LVIX+REL_N,3,3,2,5,0.001,-0.4241210888950095,24,47.09393000602722,59.535953760147095
DD+LVIX+REL_N,3,4,0,5,0.001,0.8854327319084456,24,56.1747350692749,65.17272591590881
DD+LVIX+REL_N,3,4,1,5,0.001,0.9978228785357128,24,56.056257009506226,66.8336570262909
DD+LVIX+REL_N,3,4,2,5,0.001,1.0837103648708104,24,56.4400098323822,65.80263304710388
DD+LVIX+REL_N,3,5,0,5,0.001,-0.18863661208707092,24,65.2589430809021,79.36949610710144
DD+LVIX+TERM,3,1,0,5,0.001,0.23277789868711732,24,28.77618384361267,36.38018608093262
DD+LVIX+REL_N,3,5,2,5,0.001,0.20076230395334166,24,65.121022939682,80.51248407363892
DD+LVIX+REL_N,3,5,1,5,0.001,0.39442873738260087,24,65.10659193992615,80.9266209602356
DD+LVIX+TERM,3,1,1,5,0.001,-0.6611232168035678,24,28.829880952835083,37.84932518005371
DD+LVIX+TERM,3,1,2,5,0.001,0.36651390452288984,24,28.887798070907593,37.735538959503174
DD+LVIX+TERM,3,2,0,5,0.001,-0.4903426135044554,24,38.11355233192444,46.08744764328003
DD+LVIX+TERM,3,2,1,5,0.001,-0.6597855788520445,24,38.29524230957031,45.99008393287659
DD+LVIX+TERM,3,2,2,5,0.001,-0.022284802226373635,24,37.9084837436676,48.79185199737549
DD+LVIX+TERM,3,3,0,5,0.001,-0.5339662242831862,24,47.21903896331787,59.50419878959656
DD+LVIX+TERM,3,3,1,5,0.001,0.01361911149924561,24,47.26292085647583,60.63364624977112
DD+LVIX+TERM,3,3,2,5,0.001,-0.01401412628442657,24,47.53285574913025,61.23937106132507
DD+LVIX+TERM,3,4,0,5,0.001,0.8112129988666134,24,57.77756214141846,65.01334691047668
DD+LVIX+TERM,3,4,1,5,0.001,1.0456235855628617,24,57.58952283859253,67.14513897895813
DD+LVIX+TERM,3,4,2,5,0.001,0.9405709127864512,24,58.13620924949646,67.8915958404541
DD+LVIX+TERM,3,5,0,5,0.001,0.30141176990073765,24,64.74156475067139,79.88899302482605
DD+LVIX+SKEW,3,1,0,5,0.001,0.5947695554807699,24,28.780146837234497,36.64763283729553
DD+LVIX+TERM,3,5,1,5,0.001,0.9082840348207448,24,65.61634397506714,80.35389804840088
DD+LVIX+TERM,3,5,2,5,0.001,0.1331719564360332,24,65.52579712867737,79.41917085647583
DD+LVIX+SKEW,3,1,1,5,0.001,-0.3142546661428261,24,29.580430269241333,36.19013285636902
DD+LVIX+SKEW,3,1,2,5,0.001,1.0413661142353816,24,29.62360119819641,34.350032329559326
DD+LVIX+SKEW,3,2,0,5,0.001,0.9697760002439788,24,37.244850873947144,47.117074966430664
DD+LVIX+SKEW,3,2,1,5,0.001,0.7768949836087707,24,37.68190598487854,45.94728207588196
DD+LVIX+SKEW,3,2,2,5,0.001,0.8381838206608576,24,38.21152400970459,48.580379009246826
DD+LVIX+SKEW,3,3,0,5,0.001,-0.37258299041708653,24,47.385514974594116,58.39300203323364
DD+LVIX+SKEW,3,3,1,5,0.001,-0.4011467048928643,24,46.97977805137634,57.48311710357666
DD+LVIX+SKEW,3,3,2,5,0.001,-0.2969787929681924,24,46.81726574897766,55.67557716369629
DD+LVIX+SKEW,3,4,0,5,0.001,0.38764951921739554,24,54.76667499542236,66.94386792182922
DD+LVIX+SKEW,3,4,1,5,0.001,0.359535074561316,24,55.226845026016235,67.26286697387695
DD+LVIX+SKEW,3,4,2,5,0.001,0.4572025146251139,24,55.73850083351135,67.51497077941895
DD+LVIX+SKEW,3,5,0,5,0.001,0.8998673853408294,24,66.3714530467987,79.11889314651489
DD+LVIX+SKEW,3,5,1,5,0.001,0.6885287617437735,24,66.40732908248901,78.95881605148315
DD+DISP+REL_N,3,1,0,5,0.001,-0.1848957616970952,24,28.219636917114258,35.961265087127686
DD+LVIX+SKEW,3,5,2,5,0.001,0.9338449452579053,24,65.93622016906738,78.42056894302368
DD+DISP+REL_N,3,1,1,5,0.001,0.4528445603332503,24,28.863803148269653,35.0158851146698
DD+DISP+REL_N,3,1,2,5,0.001,0.04013279073174648,24,29.030888319015503,34.69429302215576
DD+DISP+REL_N,3,2,0,5,0.001,0.11670343130092871,24,36.892284870147705,46.27032709121704
DD+DISP+REL_N,3,2,1,5,0.001,0.7072026186316747,24,37.07345199584961,48.26413106918335
DD+DISP+REL_N,3,2,2,5,0.001,0.22955108888887044,24,36.66762709617615,47.327786922454834
DD+DISP+REL_N,3,3,0,5,0.001,-0.4100946696868738,24,45.99905300140381,57.573240995407104
DD+DISP+REL_N,3,3,1,5,0.001,-0.5715672583580255,24,46.77415227890015,57.345529079437256
DD+DISP+REL_N,3,3,2,5,0.001,-0.5670552325669257,24,47.315924882888794,56.882514238357544
DD+DISP+REL_N,3,4,0,5,0.001,0.6490317414273845,24,55.700775146484375,66.5948338508606
DD+DISP+REL_N,3,4,1,5,0.001,2.100304411787365,24,55.01313805580139,68.68132185935974
DD+DISP+REL_N,3,4,2,5,0.001,0.8314135385760536,24,54.63425016403198,69.40094590187073
DD+DISP+REL_N,3,5,0,5,0.001,0.8280708371226476,24,64.35097479820251,78.84090495109558
DD+DISP+REL_N,3,5,1,5,0.001,0.5977015844794106,24,64.95446133613586,79.59853005409241
DD+DISP+REL_N,3,5,2,5,0.001,0.40127345062326414,24,65.52835297584534,77.82533097267151
DD+DISP+TERM,3,1,0,5,0.001,0.3583857642717022,24,28.81145715713501,35.44305896759033
DD+DISP+TERM,3,1,2,5,0.001,0.10160623491427183,24,28.5961971282959,36.38193893432617
DD+DISP+TERM,3,1,1,5,0.001,0.10209227493953542,24,28.783670902252197,36.950124740600586
DD+DISP+TERM,3,2,0,5,0.001,0.28595063444735613,24,37.67925572395325,45.10428595542908
DD+DISP+TERM,3,2,1,5,0.001,0.4431803203633699,24,37.581737995147705,46.06756591796875
DD+DISP+TERM,3,2,2,5,0.001,0.582705733449958,24,38.092880964279175,46.41976594924927
DD+DISP+TERM,3,3,0,5,0.001,-0.29868491406073194,24,47.15426993370056,57.07586884498596
DD+DISP+TERM,3,3,2,5,0.001,0.22698497260747907,24,47.01846885681152,57.35625505447388
DD+DISP+TERM,3,3,1,5,0.001,-0.38929291369542546,24,46.63188195228577,58.07631587982178
DD+DISP+TERM,3,4,0,5,0.001,0.7275140906961473,24,54.168806076049805,65.10762977600098
DD+DISP+TERM,3,4,1,5,0.001,1.1476469294601201,24,54.7857620716095,64.75860285758972
DD+DISP+TERM,3,4,2,5,0.001,1.8215753897015805,24,55.17165493965149,65.3071608543396
DD+DISP+TERM,3,5,0,5,0.001,0.22222997408248296,24,65.21979999542236,76.68545484542847
DD+DISP+SKEW,3,1,0,5,0.001,0.16040968163801445,24,28.58001208305359,36.19877600669861
DD+DISP+TERM,3,5,2,5,0.001,-0.09999172199746792,24,64.9316828250885,80.07522988319397
DD+DISP+TERM,3,5,1,5,0.001,0.35141515578745575,24,65.40954279899597,79.90063309669495
DD+DISP+SKEW,3,1,1,5,0.001,0.11543918276183678,24,28.709092140197754,36.00580096244812
DD+DISP+SKEW,3,1,2,5,0.001,0.47330155132566815,24,29.605931997299194,34.48919105529785
DD+DISP+SKEW,3,2,0,5,0.001,0.028422874749999695,24,37.14991593360901,45.96809196472168
DD+DISP+SKEW,3,2,1,5,0.001,-0.1669739646349955,24,36.808077812194824,45.76311683654785
DD+DISP+SKEW,3,2,2,5,0.001,0.08918498165195396,24,36.596535205841064,48.53501915931702
DD+DISP+SKEW,3,3,1,5,0.001,-0.4841177716509346,24,46.12845802307129,56.08600401878357
DD+DISP+SKEW,3,3,0,5,0.001,-0.34255408310591384,24,46.471158027648926,57.39881491661072
DD+DISP+SKEW,3,3,2,5,0.001,-0.06912987211928452,24,47.33424925804138,56.298853158950806
DD+DISP+SKEW,3,4,0,5,0.001,1.0429968481122844,24,55.57178807258606,65.13428020477295
DD+DISP+SKEW,3,4,1,5,0.001,0.7437642811315409,24,54.8895480632782,66.8056788444519
DD+DISP+SKEW,3,4,2,5,0.001,1.3754964081568037,24,54.51146912574768,66.43717193603516
DD+DISP+SKEW,3,5,0,5,0.001,0.9431552960757619,24,64.34258008003235,81.78063201904297
DD+DISP+SKEW,3,5,1,5,0.001,0.9685682028687008,24,64.60194396972656,81.82202911376953
DD+REL_N+TERM,3,1,0,5,0.001,0.8186973466462064,24,29.47394609451294,36.4797420501709
DD+DISP+SKEW,3,5,2,5,0.001,0.3265164137090294,24,65.47701501846313,79.6291081905365
DD+REL_N+TERM,3,1,1,5,0.001,0.23904012497812532,24,29.342445850372314,35.855210065841675
DD+REL_N+TERM,3,1,2,5,0.001,0.1092997806370107,24,28.860409021377563,34.58656311035156
DD+REL_N+TERM,3,2,0,5,0.001,0.9815805626964206,24,37.12816119194031,49.076454162597656
DD+REL_N+TERM,3,2,1,5,0.001,0.6175778255494617,24,37.350175857543945,48.049479961395264
DD+REL_N+TERM,3,2,2,5,0.001,-0.6279851086844164,24,37.81585717201233,47.80425190925598
DD+REL_N+TERM,3,3,0,5,0.001,-0.5387503133540178,24,47.20915603637695,59.64506506919861
DD+REL_N+TERM,3,3,1,5,0.001,-0.4355401198521043,24,46.40574789047241,58.928504943847656
DD+REL_N+TERM,3,3,2,5,0.001,0.33131569748590023,24,47.08062195777893,57.119590282440186
DD+REL_N+TERM,3,4,1,5,0.001,1.2224320758334581,24,54.892380237579346,68.2777988910675
DD+REL_N+TERM,3,4,0,5,0.001,0.8705861909725512,24,55.19233417510986,68.75535011291504
DD+REL_N+TERM,3,4,2,5,0.001,0.773499961513837,24,55.63969683647156,67.57669496536255
DD+REL_N+TERM,3,5,0,5,0.001,0.06348583550089115,24,64.44865202903748,79.04911303520203
DD+REL_N+TERM,3,5,1,5,0.001,-0.18033004470075975,24,65.05580735206604,78.54770612716675
DD+REL_N+TERM,3,5,2,5,0.001,-0.05344121080364385,24,64.89290595054626,77.67513680458069
DD+REL_N+SKEW,3,1,1,5,0.001,1.1783378187524147,24,28.40085196495056,37.692781925201416
DD+REL_N+SKEW,3,1,0,5,0.001,0.6421565180678722,24,28.515923976898193,38.25241708755493
DD+REL_N+SKEW,3,1,2,5,0.001,-0.1746917733420709,24,28.128943920135498,36.55562710762024
DD+REL_N+SKEW,3,2,0,5,0.001,0.7680939059409942,24,37.60046100616455,47.41460609436035
DD+REL_N+SKEW,3,2,1,5,0.001,-0.2100492750921292,24,37.18618083000183,47.834909200668335
DD+REL_N+SKEW,3,2,2,5,0.001,-0.2117084907597612,24,37.227354764938354,49.33711099624634
DD+REL_N+SKEW,3,3,0,5,0.001,-0.4752251949961062,24,47.47171211242676,61.8455171585083
DD+REL_N+SKEW,3,3,1,5,0.001,-0.41941078505780016,24,47.88799524307251,61.24311709403992
DD+REL_N+SKEW,3,3,2,5,0.001,-0.36000196042743543,24,47.978018045425415,60.472601890563965
DD+REL_N+SKEW,3,4,0,5,0.001,0.7684069843111797,24,55.30052924156189,63.77299785614014
DD+REL_N+SKEW,3,4,1,5,0.001,0.5388314948677498,24,54.74216675758362,64.34473705291748
DD+REL_N+SKEW,3,4,2,5,0.001,1.0938148305447828,24,55.18064308166504,64.63850474357605
DD+TERM+SKEW,3,1,0,5,0.001,0.4425936906786742,24,29.114686012268066,37.787105083465576
DD+REL_N+SKEW,3,5,0,5,0.001,0.9358705400363085,24,63.81358098983765,83.17527484893799
DD+TERM+SKEW,3,1,1,5,0.001,0.7470250079462843,24,28.93925976753235,37.757946729660034
DD+REL_N+SKEW,3,5,1,5,0.001,0.31244961316971553,24,64.33544564247131,83.25053215026855
DD+REL_N+SKEW,3,5,2,5,0.001,0.09748419569790655,24,64.41246390342712,83.5616819858551
DD+TERM+SKEW,3,1,2,5,0.001,0.8224587346999216,24,28.83924698829651,36.99242424964905
DD+TERM+SKEW,3,2,0,5,0.001,-0.2152323978694706,24,37.191741943359375,45.23328518867493
DD+TERM+SKEW,3,2,2,5,0.001,0.6781023670313326,24,36.80869722366333,46.21998071670532
DD+TERM+SKEW,3,2,1,5,0.001,0.6057915288466651,24,37.06085824966431,48.803022623062134
DD+TERM+SKEW,3,3,0,5,0.001,-0.3521220503701596,24,46.39210915565491,59.75526690483093
DD+TERM+SKEW,3,3,1,5,0.001,-0.26500811681564385,24,46.58815598487854,60.90129518508911
DD+TERM+SKEW,3,3,2,5,0.001,-0.2644994388973014,24,46.057769775390625,59.45223808288574
DD+TERM+SKEW,3,4,0,5,0.001,0.6732627745340486,24,56.01300501823425,67.08546996116638
DD+TERM+SKEW,3,4,1,5,0.001,0.17495763199146475,24,55.4485399723053,69.32995104789734
DD+TERM+SKEW,3,4,2,5,0.001,1.2195268768762604,24,55.452564001083374,68.83427095413208
DD+TERM+SKEW,3,5,0,5,0.001,-0.12144302697887618,24,64.60317993164062,81.10168409347534
DD+TERM+SKEW,3,5,1,5,0.001,0.316308765268437,24,64.62461996078491,82.61124610900879
DD+TERM+SKEW,3,5,2,5,0.001,-0.16880112524764704,24,63.43519568443298,81.67365503311157
DD+VOL+CS+LVIX,4,1,0,5,0.001,1.2437666635187417,24,29.101372957229614,36.26630783081055
DD+VOL+CS+LVIX,4,1,1,5,0.001,0.03201317358944418,24,28.644059896469116,36.327945947647095
DD+VOL+CS+LVIX,4,1,2,5,0.001,0.6385293021181034,24,28.681931018829346,36.66425108909607
DD+VOL+CS+LVIX,4,2,0,5,0.001,0.4930190774063895,24,37.05130100250244,45.78118395805359
DD+VOL+CS+LVIX,4,2,1,5,0.001,0.6283721533067137,24,37.60243797302246,46.48130393028259
DD+VOL+CS+LVIX,4,2,2,5,0.001,0.40473578798704263,24,37.02253317832947,48.20862102508545
DD+VOL+CS+LVIX,4,3,0,5,0.001,-0.4341329919900922,24,46.738699197769165,57.53922891616821
DD+VOL+CS+LVIX,4,3,1,5,0.001,-0.511523380415201,24,46.48178195953369,59.28347110748291
DD+VOL+CS+LVIX,4,3,2,5,0.001,-0.3264225509191853,24,46.65839099884033,59.304481983184814
DD+VOL+CS+LVIX,4,4,0,5,0.001,0.319848268665524,24,55.01269888877869,64.22090435028076
DD+VOL+CS+LVIX,4,4,1,5,0.001,1.648546956482479,24,55.66728496551514,66.56756472587585
DD+VOL+CS+LVIX,4,4,2,5,0.001,0.8615237790724809,24,54.93498110771179,68.8156087398529
DD+VOL+CS+LVIX,4,5,0,5,0.001,0.7094351003459562,24,64.44693970680237,78.47468090057373
DD+VOL+CS+DISP,4,1,0,5,0.001,0.408165413367442,24,28.704682111740112,37.70855498313904
DD+VOL+CS+LVIX,4,5,1,5,0.001,0.2618894280262106,24,64.33371591567993,79.87316679954529
DD+VOL+CS+LVIX,4,5,2,5,0.001,0.20632261044999328,24,64.41979384422302,80.72565507888794
DD+VOL+CS+DISP,4,1,1,5,0.001,0.7366463688608998,24,29.116029024124146,38.51284694671631
DD+VOL+CS+DISP,4,1,2,5,0.001,0.06659426197252422,24,28.67156720161438,38.0491669178009
DD+VOL+CS+DISP,4,2,0,5,0.001,-0.07263015429074807,24,37.306583881378174,46.401756048202515
DD+VOL+CS+DISP,4,2,1,5,0.001,-0.16501108766675998,24,37.43288207054138,45.97139620780945
DD+VOL+CS+DISP,4,2,2,5,0.001,0.5962664350505065,24,36.96558117866516,46.677738904953
DD+VOL+CS+DISP,4,3,0,5,0.001,-0.4322903692896083,24,46.50547194480896,57.62578296661377
DD+VOL+CS+DISP,4,3,1,5,0.001,-0.4496175053124529,24,47.24941897392273,59.50152802467346
DD+VOL+CS+DISP,4,3,2,5,0.001,-0.5317658359288616,24,46.753024101257324,61.08355689048767
DD+VOL+CS+DISP,4,4,0,5,0.001,2.005338511198357,24,55.271726846694946,65.04363489151001
DD+VOL+CS+DISP,4,4,1,5,0.001,1.0133032233179267,24,55.41592216491699,65.74109864234924
DD+VOL+CS+DISP,4,4,2,5,0.001,0.6418792205818666,24,54.93249702453613,68.93551921844482
DD+VOL+CS+DISP,4,5,0,5,0.001,0.5187769444786479,24,64.71403312683105,79.58906865119934
DD+VOL+CS+REL_N,4,1,0,5,0.001,0.4796293976573638,24,29.120689868927002,36.542704820632935
DD+VOL+CS+DISP,4,5,1,5,0.001,0.504558872254732,24,65.79926872253418,79.90239095687866
DD+VOL+CS+DISP,4,5,2,5,0.001,-0.3274512784056414,24,64.98492312431335,80.96404385566711
DD+VOL+CS+REL_N,4,1,1,5,0.001,-0.1344101903411843,24,28.653779983520508,35.880199909210205
DD+VOL+CS+REL_N,4,1,2,5,0.001,0.4597374086355565,24,28.518213748931885,35.723366260528564
DD+VOL+CS+REL_N,4,2,0,5,0.001,0.11152086869342138,24,36.85055899620056,45.17938494682312
DD+VOL+CS+REL_N,4,2,1,5,0.001,-0.1964670733043574,24,37.089356899261475,44.89836597442627
DD+VOL+CS+REL_N,4,2,2,5,0.001,0.27383123590146785,24,37.40970540046692,47.24691081047058
DD+VOL+CS+REL_N,4,3,0,5,0.001,-0.4590404565303137,24,46.71965575218201,58.0644109249115
DD+VOL+CS+REL_N,4,3,1,5,0.001,-0.46254897969437747,24,46.74476194381714,61.19639706611633
DD+VOL+CS+REL_N,4,3,2,5,0.001,-0.47111591528719543,24,46.42267894744873,59.50373816490173
DD+VOL+CS+REL_N,4,4,0,5,0.001,0.6101015689596706,24,54.96997141838074,63.998732566833496
DD+VOL+CS+REL_N,4,4,1,5,0.001,0.8477074247283627,24,54.95765995979309,65.5352611541748
DD+VOL+CS+REL_N,4,4,2,5,0.001,1.1783791890237907,24,55.846786975860596,67.69524312019348
DD+VOL+CS+REL_N,4,5,0,5,0.001,0.3892930543244481,24,64.81604599952698,78.87190794944763
DD+VOL+CS+TERM,4,1,0,5,0.001,0.8250163306534516,24,28.665812015533447,38.024776220321655
DD+VOL+CS+REL_N,4,5,1,5,0.001,0.17027887588568918,24,65.13156986236572,81.19098281860352
DD+VOL+CS+REL_N,4,5,2,5,0.001,1.0934997115859717,24,64.98442673683167,81.86141800880432
DD+VOL+CS+TERM,4,1,1,5,0.001,0.6367621146663079,24,29.716073989868164,36.48800802230835
DD+VOL+CS+TERM,4,1,2,5,0.001,1.0805667469719549,24,29.715501070022583,36.26137018203735
DD+VOL+CS+TERM,4,2,0,5,0.001,0.43534066633347823,24,36.793784856796265,46.18666887283325
DD+VOL+CS+TERM,4,2,1,5,0.001,0.7209441040657741,24,37.123844146728516,44.980292081832886
DD+VOL+CS+TERM,4,2,2,5,0.001,0.5619859354000948,24,37.33646297454834,46.64453411102295
DD+VOL+CS+TERM,4,3,0,5,0.001,-0.17965045959278397,24,46.4982590675354,58.464937925338745
DD+VOL+CS+TERM,4,3,1,5,0.001,-0.21017724496815882,24,46.915642976760864,57.87997221946716
DD+VOL+CS+TERM,4,3,2,5,0.001,-0.33249415129399595,24,47.06600999832153,56.556660890579224
DD+VOL+CS+TERM,4,4,0,5,0.001,0.5064911245437821,24,54.92047309875488,67.4664740562439
DD+VOL+CS+TERM,4,4,1,5,0.001,0.7796465214259389,24,55.61067199707031,67.94321918487549
DD+VOL+CS+TERM,4,4,2,5,0.001,0.7925521930176844,24,55.70714092254639,67.40649127960205
DD+VOL+CS+TERM,4,5,0,5,0.001,0.2617041678779751,24,64.5010941028595,79.56038618087769
DD+VOL+CS+TERM,4,5,1,5,0.001,0.4284341636485004,24,64.91574001312256,79.43222403526306
DD+VOL+CS+SKEW,4,1,0,5,0.001,0.7033267554350995,24,29.00529980659485,36.42727994918823
DD+VOL+CS+TERM,4,5,2,5,0.001,1.2080020365667459,24,66.27168726921082,79.1662209033966
DD+VOL+CS+SKEW,4,1,1,5,0.001,0.23977051052986098,24,28.598835945129395,35.55569505691528
DD+VOL+CS+SKEW,4,1,2,5,0.001,0.6819255874310679,24,28.890214920043945,34.800861835479736
DD+VOL+CS+SKEW,4,2,0,5,0.001,0.3457357712861408,24,37.19314408302307,47.157552003860474
DD+VOL+CS+SKEW,4,2,1,5,0.001,0.9580811722679932,24,37.73733186721802,47.59592080116272
DD+VOL+CS+SKEW,4,2,2,5,0.001,0.4217719536146974,24,38.24324083328247,46.347169160842896
DD+VOL+CS+SKEW,4,3,0,5,0.001,-0.46544246981654813,24,47.89601802825928,57.51681995391846
DD+VOL+CS+SKEW,4,3,1,5,0.001,-0.4167977512443446,24,47.58372521400452,57.90948033332825
DD+VOL+CS+SKEW,4,3,2,5,0.001,-0.34436385749960613,24,47.62157607078552,57.671122312545776
DD+VOL+CS+SKEW,4,4,0,5,0.001,-0.08446632051692245,24,55.162185192108154,67.45337510108948
DD+VOL+CS+SKEW,4,4,1,5,0.001,0.7314309386663955,24,55.33541202545166,67.496013879776
DD+VOL+CS+SKEW,4,4,2,5,0.001,0.60068663728721,24,55.59674787521362,69.08673191070557
DD+VOL+CS+SKEW,4,5,0,5,0.001,0.3627375202032395,24,65.15986132621765,79.83692598342896
DD+VOL+CS+SKEW,4,5,1,5,0.001,0.7484172312351199,24,64.97469282150269,79.8639497756958
DD+VOL+CS+SKEW,4,5,2,5,0.001,0.1688479816929349,24,65.25873613357544,79.99515581130981
DD+VOL+LVIX+DISP,4,1,0,5,0.001,0.5135056662036436,24,28.537365198135376,35.966315031051636
DD+VOL+LVIX+DISP,4,1,1,5,0.001,0.23509157384713042,24,28.594748973846436,35.76759195327759
DD+VOL+LVIX+DISP,4,1,2,5,0.001,0.35991054940498957,24,28.9722580909729,34.20324730873108
DD+VOL+LVIX+DISP,4,2,0,5,0.001,0.31887518317078184,24,37.5704300403595,47.481741189956665
DD+VOL+LVIX+DISP,4,2,1,5,0.001,0.24482478152754675,24,37.40084409713745,48.22499084472656
DD+VOL+LVIX+DISP,4,2,2,5,0.001,0.3067053689906465,24,37.766226053237915,48.074897050857544
DD+VOL+LVIX+DISP,4,3,0,5,0.001,-0.30983363421878,24,46.93634605407715,58.169368267059326
DD+VOL+LVIX+DISP,4,3,1,5,0.001,-0.36562283438407545,24,47.146772146224976,57.158108949661255
DD+VOL+LVIX+DISP,4,3,2,5,0.001,-0.4723096451430517,24,47.973925828933716,55.808709144592285
DD+VOL+LVIX+DISP,4,4,0,5,0.001,0.9527292557252092,24,55.189687967300415,66.58249306678772
DD+VOL+LVIX+DISP,4,4,1,5,0.001,1.239052738720715,24,55.253140926361084,67.7777669429779
DD+VOL+LVIX+DISP,4,4,2,5,0.001,0.7561512398873191,24,55.829962968826294,67.94542002677917
DD+VOL+LVIX+DISP,4,5,0,5,0.001,0.11708709573602832,24,65.2637209892273,79.99936819076538
DD+VOL+LVIX+DISP,4,5,1,5,0.001,0.4680233447931119,24,65.91216206550598,80.13910603523254
DD+VOL+LVIX+DISP,4,5,2,5,0.001,0.5448708954066376,24,66.19901895523071,79.88987112045288
DD+VOL+LVIX+REL_N,4,1,0,5,0.001,0.5686684709699086,24,28.83832335472107,36.50028705596924
DD+VOL+LVIX+REL_N,4,1,1,5,0.001,0.5328453865345361,24,28.67500591278076,35.633655071258545
DD+VOL+LVIX+REL_N,4,1,2,5,0.001,0.6607445171654573,24,29.187877893447876,35.401612997055054
DD+VOL+LVIX+REL_N,4,2,0,5,0.001,0.3763042422443294,24,37.53438401222229,47.075337171554565
DD+VOL+LVIX+REL_N,4,2,1,5,0.001,0.32850563799494875,24,37.42600703239441,46.99084496498108
DD+VOL+LVIX+REL_N,4,2,2,5,0.001,0.2513266822279901,24,37.7324001789093,47.30783176422119
DD+VOL+LVIX+REL_N,4,3,0,5,0.001,-0.4728994591071615,24,47.24928402900696,57.800037145614624
DD+VOL+LVIX+REL_N,4,3,1,5,0.001,-0.7379645281317747,24,46.7910099029541,57.092166900634766
DD+VOL+LVIX+REL_N,4,3,2,5,0.001,-0.5393985504404942,24,47.15339398384094,56.36114525794983
DD+VOL+LVIX+REL_N,4,4,0,5,0.001,0.549396722252142,24,54.29621195793152,64.93632006645203
DD+VOL+LVIX+REL_N,4,4,1,5,0.001,1.3469913609142212,24,54.85784888267517,65.68170714378357
DD+VOL+LVIX+REL_N,4,4,2,5,0.001,0.3715432473729115,24,54.75572085380554,66.28372359275818
DD+VOL+LVIX+REL_N,4,5,0,5,0.001,-0.06292348334251158,24,64.74034190177917,78.57707285881042
DD+VOL+LVIX+REL_N,4,5,1,5,0.001,0.8578371919471469,24,64.9817590713501,78.7849349975586
DD+VOL+LVIX+REL_N,4,5,2,5,0.001,0.2332145511033298,24,65.06070518493652,77.53679513931274
DD+VOL+LVIX+TERM,4,1,0,5,0.001,0.8576698760076454,24,28.47535800933838,36.04898118972778
DD+VOL+LVIX+TERM,4,1,1,5,0.001,0.38346089989639287,24,28.748358249664307,35.421244859695435
DD+VOL+LVIX+TERM,4,1,2,5,0.001,0.9395106028566994,24,29.1873779296875,33.590656042099
DD+VOL+LVIX+TERM,4,2,0,5,0.001,0.49863905078335674,24,37.42416501045227,46.75897002220154
DD+VOL+LVIX+TERM,4,2,1,5,0.001,0.6341960167792713,24,37.118180990219116,47.84824299812317
DD+VOL+LVIX+TERM,4,2,2,5,0.001,-0.16248081556092653,24,37.53480076789856,48.743776082992554
DD+VOL+LVIX+TERM,4,3,0,5,0.001,-0.11195091262596567,24,46.7384397983551,58.7467782497406
DD+VOL+LVIX+TERM,4,3,1,5,0.001,0.12051897758745983,24,47.20124411582947,58.505104780197144
DD+VOL+LVIX+TERM,4,3,2,5,0.001,-0.13737024583148155,24,47.19068002700806,57.128215074539185
DD+VOL+LVIX+TERM,4,4,0,5,0.001,0.5068854925949916,24,56.04620003700256,66.675950050354
DD+VOL+LVIX+TERM,4,4,1,5,0.001,0.2964779810352403,24,55.149627923965454,67.33270502090454
DD+VOL+LVIX+TERM,4,4,2,5,0.001,1.2504370619170284,24,55.55808711051941,68.3213119506836
DD+VOL+LVIX+TERM,4,5,0,5,0.001,0.45944489334571004,24,64.22137784957886,79.38788604736328
DD+VOL+LVIX+TERM,4,5,1,5,0.001,-0.06348657963332399,24,65.16964983940125,79.40318417549133
DD+VOL+LVIX+TERM,4,5,2,5,0.001,0.30290295015604496,24,64.92608737945557,79.13411092758179
DD+VOL+LVIX+SKEW,4,1,0,5,0.001,0.3407520875146628,24,29.095523834228516,35.30186200141907
DD+VOL+LVIX+SKEW,4,1,1,5,0.001,1.3496261451786769,24,28.537608861923218,34.7900652885437
DD+VOL+LVIX+SKEW,4,1,2,5,0.001,-0.09860876630659618,24,28.70364809036255,33.62220311164856
DD+VOL+LVIX+SKEW,4,2,0,5,0.001,0.048157233308256,24,36.73543405532837,46.35255289077759
DD+VOL+LVIX+SKEW,4,2,1,5,0.001,0.3640530092858769,24,37.05772018432617,47.548502922058105
DD+VOL+LVIX+SKEW,4,2,2,5,0.001,0.48520768942964754,24,37.31180810928345,48.09020400047302
DD+VOL+LVIX+SKEW,4,3,0,5,0.001,-0.2788531092478003,24,47.141618967056274,57.730276107788086
DD+VOL+LVIX+SKEW,4,3,1,5,0.001,-0.23792194156017266,24,46.834628105163574,57.4617133140564
DD+VOL+LVIX+SKEW,4,3,2,5,0.001,-0.4978662038288053,24,47.32672691345215,55.346696853637695
DD+VOL+LVIX+SKEW,4,4,0,5,0.001,0.6457351616408749,24,54.74904823303223,65.31534385681152
DD+VOL+LVIX+SKEW,4,4,1,5,0.001,0.9769759927337681,24,54.910731077194214,66.33795022964478
DD+VOL+LVIX+SKEW,4,4,2,5,0.001,0.30190001719772463,24,54.813122034072876,67.19646191596985
DD+VOL+LVIX+SKEW,4,5,0,5,0.001,0.34157275403264975,24,65.07902383804321,79.52062487602234
DD+VOL+LVIX+SKEW,4,5,1,5,0.001,0.91088081654135,24,65.08070588111877,80.09229111671448
DD+VOL+DISP+REL_N,4,1,0,5,0.001,-0.0004521730210667453,24,28.687303066253662,36.919272899627686
DD+VOL+LVIX+SKEW,4,5,2,5,0.001,0.29834851317024536,24,64.82389903068542,79.6202540397644
DD+VOL+DISP+REL_N,4,1,1,5,0.001,0.6323086673936175,24,29.476457118988037,36.05819582939148
DD+VOL+DISP+REL_N,4,1,2,5,0.001,0.1914938954455585,24,29.652786016464233,34.99327993392944
DD+VOL+DISP+REL_N,4,2,0,5,0.001,0.3250025192272753,24,37.07374310493469,47.30675506591797
DD+VOL+DISP+REL_N,4,2,2,5,0.001,0.13071593639111723,24,36.86546206474304,45.77779197692871
DD+VOL+DISP+REL_N,4,2,1,5,0.001,0.484202747376089,24,37.1651451587677,47.71795296669006
DD+VOL+DISP+REL_N,4,3,0,5,0.001,-0.4267409355340018,24,46.303056955337524,57.603821992874146
DD+VOL+DISP+REL_N,4,3,1,5,0.001,-0.541725123141867,24,46.79476189613342,56.99634909629822
DD+VOL+DISP+REL_N,4,3,2,5,0.001,-0.5902391475974076,24,46.901305198669434,56.07965707778931
DD+VOL+DISP+REL_N,4,4,0,5,0.001,0.7106864395216834,24,55.088016748428345,65.67076516151428
DD+VOL+DISP+REL_N,4,4,1,5,0.001,0.8523420322359464,24,54.52322196960449,67.1162178516388
DD+VOL+DISP+REL_N,4,4,2,5,0.001,1.6824715903244598,24,54.84411597251892,67.07563400268555
DD+VOL+DISP+REL_N,4,5,0,5,0.001,0.30145297467693927,24,64.50065088272095,78.31315279006958
DD+VOL+DISP+REL_N,4,5,1,5,0.001,0.4345332204217414,24,64.93725204467773,78.25739407539368
DD+VOL+DISP+REL_N,4,5,2,5,0.001,0.25538628162230964,24,64.64188408851624,79.17708277702332
DD+VOL+DISP+TERM,4,1,0,5,0.001,0.10447238886751944,24,28.500218152999878,35.539060831069946
DD+VOL+DISP+TERM,4,1,1,5,0.001,0.5194218970216028,24,28.644695043563843,35.75079607963562
DD+VOL+DISP+TERM,4,1,2,5,0.001,0.3033176248713467,24,28.837677001953125,36.05494666099548
DD+VOL+DISP+TERM,4,2,0,5,0.001,0.2513028171425457,24,36.982988119125366,45.125351905822754
DD+VOL+DISP+TERM,4,2,1,5,0.001,0.2165853181014578,24,37.023972034454346,46.383325815200806
DD+VOL+DISP+TERM,4,2,2,5,0.001,0.2359531274970019,24,37.24321913719177,46.55688118934631
DD+VOL+DISP+TERM,4,3,0,5,0.001,0.13261459937776318,24,47.054656982421875,57.01253390312195
DD+VOL+DISP+TERM,4,3,1,5,0.001,-0.7147992050066764,24,46.80625510215759,57.426316022872925
DD+VOL+DISP+TERM,4,3,2,5,0.001,-1.3471636430005312,24,46.566076040267944,57.27962112426758
DD+VOL+DISP+TERM,4,4,0,5,0.001,1.273341714656262,24,55.5357608795166,64.74115872383118
DD+VOL+DISP+TERM,4,4,1,5,0.001,1.1880372321822852,24,55.60015082359314,66.50342202186584
DD+VOL+DISP+TERM,4,4,2,5,0.001,1.1551609967819711,24,55.4427969455719,66.59079790115356
DD+VOL+DISP+TERM,4,5,0,5,0.001,0.8251711296722269,24,64.6292519569397,80.10657405853271
DD+VOL+DISP+SKEW,4,1,0,5,0.001,0.4976034881960559,24,29.43796396255493,37.316077709198
DD+VOL+DISP+TERM,4,5,1,5,0.001,-0.19654497415652544,24,64.88012504577637,80.3400809764862
DD+VOL+DISP+TERM,4,5,2,5,0.001,-0.023258384238781387,24,65.1628749370575,81.56026792526245
DD+VOL+DISP+SKEW,4,1,1,5,0.001,0.55560197008147,24,28.853204011917114,36.97258710861206
DD+VOL+DISP+SKEW,4,1,2,5,0.001,0.3044161857111847,24,29.133886337280273,36.780739068984985
DD+VOL+DISP+SKEW,4,2,0,5,0.001,0.22787203067249553,24,37.88766694068909,47.429441928863525
DD+VOL+DISP+SKEW,4,2,1,5,0.001,-0.17756403370599447,24,37.815762996673584,45.9074809551239
DD+VOL+DISP+SKEW,4,2,2,5,0.001,0.28621894781776963,24,37.74276399612427,47.917418003082275
DD+VOL+DISP+SKEW,4,3,0,5,0.001,-0.15583119431117254,24,47.11029815673828,58.074243783950806
DD+VOL+DISP+SKEW,4,3,1,5,0.001,-0.5821004223048071,24,46.4504771232605,58.91416692733765
DD+VOL+DISP+SKEW,4,3,2,5,0.001,-0.10154284379370573,24,46.42434883117676,59.37188696861267
DD+VOL+DISP+SKEW,4,4,0,5,0.001,1.0222373378068235,24,55.2910840511322,67.30639982223511
DD+VOL+DISP+SKEW,4,4,1,5,0.001,1.0268534117650316,24,54.990962982177734,67.076092004776
DD+VOL+DISP+SKEW,4,4,2,5,0.001,1.056562571509303,24,55.05866312980652,68.17520117759705
DD+VOL+DISP+SKEW,4,5,0,5,0.001,-0.07524247191159701,24,64.8497850894928,79.69377207756042
DD+VOL+DISP+SKEW,4,5,1,5,0.001,-0.19922921468344962,24,65.12533402442932,80.41343426704407
DD+VOL+DISP+SKEW,4,5,2,5,0.001,0.19476636843932182,24,64.76757097244263,80.33383512496948
DD+VOL+REL_N+TERM,4,1,0,5,0.001,0.9770922589824408,24,28.984972953796387,36.79714608192444
DD+VOL+REL_N+TERM,4,1,1,5,0.001,0.8395534697569047,24,28.71189785003662,38.33114290237427
DD+VOL+REL_N+TERM,4,1,2,5,0.001,0.29077647489130326,24,28.45220685005188,37.91391611099243
DD+VOL+REL_N+TERM,4,2,0,5,0.001,0.4856653193574275,24,37.41376876831055,45.626625061035156
DD+VOL+REL_N+TERM,4,2,1,5,0.001,-0.19841766858924598,24,37.34018802642822,46.978087186813354
DD+VOL+REL_N+TERM,4,2,2,5,0.001,0.648060134937606,24,37.1903338432312,46.72016382217407
DD+VOL+REL_N+TERM,4,3,0,5,0.001,-0.49495565285017695,24,46.88581204414368,58.29696202278137
DD+VOL+REL_N+TERM,4,3,1,5,0.001,-0.658520097198632,24,46.49801993370056,59.24799609184265
DD+VOL+REL_N+TERM,4,3,2,5,0.001,-0.531892874525851,24,46.29799795150757,58.87899684906006
DD+VOL+REL_N+TERM,4,4,0,5,0.001,0.5062351939993077,24,55.21550893783569,64.62360191345215
DD+VOL+REL_N+TERM,4,4,1,5,0.001,0.5297212682028198,24,54.70997500419617,65.9478600025177
DD+VOL+REL_N+TERM,4,4,2,5,0.001,1.3059100974254148,24,55.243305921554565,67.32106924057007
DD+VOL+REL_N+TERM,4,5,0,5,0.001,0.39401010811960036,24,64.9178900718689,80.43892097473145
DD+VOL+REL_N+SKEW,4,1,0,5,0.001,0.5226304884157216,24,29.562583208084106,37.92893719673157
DD+VOL+REL_N+TERM,4,5,1,5,0.001,0.741149753568518,24,64.38006496429443,82.16119408607483
DD+VOL+REL_N+TERM,4,5,2,5,0.001,0.8211756379337645,24,64.24868988990784,82.65059399604797
DD+VOL+REL_N+SKEW,4,1,1,5,0.001,0.5993756813821294,24,29.276546001434326,36.75096011161804
DD+VOL+REL_N+SKEW,4,1,2,5,0.001,0.769592948820068,24,29.584059953689575,34.987130880355835
DD+VOL+REL_N+SKEW,4,2,0,5,0.001,0.44905410912149946,24,38.00825500488281,46.58875799179077
DD+VOL+REL_N+SKEW,4,2,1,5,0.001,0.21403972080416345,24,37.704939126968384,45.16999077796936
DD+VOL+REL_N+SKEW,4,2,2,5,0.001,0.21181893232722965,24,38.02139401435852,47.195263147354126
DD+VOL+REL_N+SKEW,4,3,0,5,0.001,-0.4187112543601895,24,47.36027431488037,57.63256883621216
DD+VOL+REL_N+SKEW,4,3,1,5,0.001,-0.3600431573009382,24,46.802520990371704,60.39484405517578
DD+VOL+REL_N+SKEW,4,3,2,5,0.001,-0.1955889821196185,24,46.867515087127686,59.28675198554993
DD+VOL+REL_N+SKEW,4,4,0,5,0.001,0.7590292944399166,24,54.74514889717102,65.54529523849487
DD+VOL+REL_N+SKEW,4,4,1,5,0.001,1.5879706769251023,24,54.67315602302551,65.7940821647644
DD+VOL+REL_N+SKEW,4,4,2,5,0.001,1.2268322236317422,24,54.88869094848633,65.67261385917664
DD+VOL+REL_N+SKEW,4,5,0,5,0.001,-0.08921839944817939,24,64.43316102027893,78.68822979927063
DD+VOL+REL_N+SKEW,4,5,1,5,0.001,0.19002572886840716,24,64.82824611663818,82.05335712432861
DD+VOL+TERM+SKEW,4,1,0,5,0.001,0.3845086950626197,24,28.545560121536255,36.822348833084106
DD+VOL+REL_N+SKEW,4,5,2,5,0.001,0.3589979372791409,24,64.64906406402588,81.82255363464355
DD+VOL+TERM+SKEW,4,1,1,5,0.001,0.15092875984944076,24,28.67394471168518,37.27906084060669
DD+VOL+TERM+SKEW,4,1,2,5,0.001,0.7331968713883735,24,28.672379732131958,36.69441223144531
DD+VOL+TERM+SKEW,4,2,0,5,0.001,0.10210751614019303,24,37.60921120643616,46.7282497882843
DD+VOL+TERM+SKEW,4,2,2,5,0.001,0.5274029256382157,24,38.20927810668945,46.59260177612305
DD+VOL+TERM+SKEW,4,2,1,5,0.001,0.29145292408478124,24,38.256808280944824,49.16507887840271
DD+VOL+TERM+SKEW,4,3,0,5,0.001,-0.4138525435655869,24,47.55158615112305,57.538357973098755
DD+VOL+TERM+SKEW,4,3,1,5,0.001,-0.45260754834908346,24,47.98198199272156,58.34015202522278
DD+VOL+TERM+SKEW,4,3,2,5,0.001,-0.4507352258162877,24,47.96541690826416,59.47167491912842
DD+VOL+TERM+SKEW,4,4,0,5,0.001,1.033787425604716,24,54.71371388435364,64.76961731910706
DD+VOL+TERM+SKEW,4,4,2,5,0.001,1.0223136407196687,24,54.706384897232056,67.90574288368225
DD+VOL+TERM+SKEW,4,4,1,5,0.001,1.0237632370184508,24,54.7861909866333,68.3768150806427
DD+VOL+TERM+SKEW,4,5,0,5,0.001,-0.35112410699922186,24,64.09856176376343,77.80950593948364
DD+VOL+TERM+SKEW,4,5,1,5,0.001,0.09130216915987227,24,64.47865605354309,78.5188102722168
DD+CS+LVIX+DISP,4,1,0,5,0.001,0.9094241104397814,24,28.320922136306763,35.33630704879761
DD+VOL+TERM+SKEW,4,5,2,5,0.001,0.22045381886684204,24,64.898677110672,77.6447389125824
DD+CS+LVIX+DISP,4,1,1,5,0.001,1.0292531047815652,24,29.405958890914917,35.97005295753479
DD+CS+LVIX+DISP,4,1,2,5,0.001,1.1126825591391212,24,29.308364152908325,35.7551531791687
DD+CS+LVIX+DISP,4,2,0,5,0.001,0.2995305551350113,24,37.28481602668762,45.02626013755798
DD+CS+LVIX+DISP,4,2,2,5,0.001,0.33740006494013347,24,37.36627507209778,44.67057418823242
DD+CS+LVIX+DISP,4,2,1,5,0.001,0.23047475014155278,24,37.335594177246094,46.541481018066406
DD+CS+LVIX+DISP,4,3,0,5,0.001,-0.2962672296903338,24,46.943658113479614,56.02074384689331
DD+CS+LVIX+DISP,4,3,2,5,0.001,-0.5325894129902062,24,47.168115854263306,57.03512501716614
DD+CS+LVIX+DISP,4,3,1,5,0.001,-0.5715637243532319,24,46.982890129089355,57.574573040008545
DD+CS+LVIX+DISP,4,4,0,5,0.001,0.9992238820472606,24,54.32290196418762,63.4409122467041
DD+CS+LVIX+DISP,4,4,1,5,0.001,1.135870215517312,24,54.45141816139221,65.13486790657043
DD+CS+LVIX+DISP,4,4,2,5,0.001,1.8164293384956636,24,54.728042125701904,65.49596500396729
DD+CS+LVIX+DISP,4,5,0,5,0.001,0.26580033850888546,24,64.69957900047302,76.36383295059204
DD+CS+LVIX+REL_N,4,1,0,5,0.001,0.1002981856849343,24,28.811790943145752,35.81937789916992
DD+CS+LVIX+DISP,4,5,1,5,0.001,0.41780615180784936,24,65.38513517379761,79.21104192733765
DD+CS+LVIX+DISP,4,5,2,5,0.001,0.45139496268630425,24,65.37809991836548,78.97315287590027
DD+CS+LVIX+REL_N,4,1,1,5,0.001,0.196179702112861,24,28.738234758377075,37.850029945373535
DD+CS+LVIX+REL_N,4,1,2,5,0.001,0.4232337815788227,24,28.922518968582153,37.22989201545715
DD+CS+LVIX+REL_N,4,2,0,5,0.001,0.5180396797352937,24,38.325035095214844,44.35609817504883
DD+CS+LVIX+REL_N,4,2,1,5,0.001,0.18830901100385036,24,37.2014741897583,44.370726108551025
DD+CS+LVIX+REL_N,4,2,2,5,0.001,-0.3213612208631002,24,37.39128589630127,47.48476696014404
DD+CS+LVIX+REL_N,4,3,0,5,0.001,-0.4869105909506496,24,46.62424683570862,57.89438009262085
DD+CS+LVIX+REL_N,4,3,1,5,0.001,-0.5950941114916841,24,46.24448895454407,59.83542203903198
DD+CS+LVIX+REL_N,4,3,2,5,0.001,-0.47434279873171964,24,46.44875383377075,60.02338409423828
DD+CS+LVIX+REL_N,4,4,0,5,0.001,0.4718699477329743,24,56.24317693710327,63.64097309112549
DD+CS+LVIX+REL_N,4,4,1,5,0.001,1.4693037379383376,24,55.699650049209595,65.98607778549194
DD+CS+LVIX+REL_N,4,4,2,5,0.001,1.1129615536520443,24,55.776991844177246,66.5267481803894
DD+CS+LVIX+TERM,4,1,0,5,0.001,0.7665062852701794,24,29.26863718032837,35.8695023059845
DD+CS+LVIX+REL_N,4,5,0,5,0.001,0.915863609683364,24,64.46806979179382,80.15415596961975
DD+CS+LVIX+REL_N,4,5,1,5,0.001,0.21286333564858229,24,64.19580721855164,81.5628879070282
DD+CS+LVIX+REL_N,4,5,2,5,0.001,0.3348509475084768,24,64.24533295631409,80.49428606033325
DD+CS+LVIX+TERM,4,1,1,5,0.001,-0.5891796616747429,24,29.267559051513672,34.64169478416443
DD+CS+LVIX+TERM,4,1,2,5,0.001,0.9920480505131298,24,29.331767797470093,32.619784116744995
DD+CS+LVIX+TERM,4,2,0,5,0.001,0.2435007771487122,24,36.95132923126221,45.67548894882202
DD+CS+LVIX+TERM,4,2,1,5,0.001,0.34679341014707166,24,36.80600714683533,46.88161897659302
DD+CS+LVIX+TERM,4,2,2,5,0.001,0.32050205521470276,24,36.65085816383362,48.529988050460815
DD+CS+LVIX+TERM,4,3,0,5,0.001,-0.21121267770590368,24,46.320307970047,59.084331035614014
DD+CS+LVIX+TERM,4,3,1,5,0.001,-0.26770775034652144,24,46.245256185531616,59.00650978088379
DD+CS+LVIX+TERM,4,3,2,5,0.001,-0.1619558603918163,24,47.40325212478638,56.22401785850525
DD+CS+LVIX+TERM,4,4,0,5,0.001,1.208001866090311,24,55.371700048446655,67.55009269714355
DD+CS+LVIX+TERM,4,4,1,5,0.001,1.1805545563725417,24,55.47077822685242,67.41075372695923
DD+CS+LVIX+TERM,4,4,2,5,0.001,1.6829062894956515,24,55.22003388404846,66.974445104599
DD+CS+LVIX+TERM,4,5,0,5,0.001,0.22984442184230625,24,64.7005558013916,79.6145372390747
DD+CS+LVIX+TERM,4,5,1,5,0.001,0.2949837847149609,24,64.55031394958496,78.87689089775085
DD+CS+LVIX+TERM,4,5,2,5,0.001,0.5635099253695399,24,65.64140892028809,78.07497811317444
DD+CS+LVIX+SKEW,4,1,0,5,0.001,0.12242762323687233,24,28.75936222076416,36.0562219619751
DD+CS+LVIX+SKEW,4,1,1,5,0.001,-0.22455239526140255,24,28.915385007858276,35.14793419837952
DD+CS+LVIX+SKEW,4,1,2,5,0.001,-0.18721467107648523,24,28.988447904586792,35.09705185890198
DD+CS+LVIX+SKEW,4,2,0,5,0.001,0.9318774949469767,24,37.30461096763611,46.987088203430176
DD+CS+LVIX+SKEW,4,2,1,5,0.001,1.246428892601935,24,37.49871516227722,47.185555934906006
DD+CS+LVIX+SKEW,4,2,2,5,0.001,0.6879335736261797,24,37.93233895301819,47.53321981430054
DD+CS+LVIX+SKEW,4,3,0,5,0.001,-0.2762946146156086,24,46.75325417518616,58.53465795516968
DD+CS+LVIX+SKEW,4,3,1,5,0.001,-0.4491280194038254,24,46.59257197380066,58.76594400405884
DD+CS+LVIX+SKEW,4,3,2,5,0.001,-0.36498074836841315,24,46.71318602561951,56.51902484893799
DD+CS+LVIX+SKEW,4,4,0,5,0.001,1.0599061236498248,24,55.28757905960083,66.04497504234314
DD+CS+LVIX+SKEW,4,4,1,5,0.001,0.4107633608830096,24,55.09255123138428,66.89734482765198
DD+CS+LVIX+SKEW,4,4,2,5,0.001,1.145464182210902,24,55.9608199596405,68.83250188827515
DD+CS+LVIX+SKEW,4,5,0,5,0.001,1.249502396153066,24,64.65960907936096,81.69482803344727
DD+CS+LVIX+SKEW,4,5,1,5,0.001,0.5556738739243064,24,64.64524102210999,82.03631520271301
DD+CS+LVIX+SKEW,4,5,2,5,0.001,0.5606088297806507,24,64.79503417015076,81.16456413269043
DD+CS+DISP+REL_N,4,1,0,5,0.001,0.6253601707193683,24,28.362002849578857,36.51920199394226
DD+CS+DISP+REL_N,4,1,1,5,0.001,1.0642445669723126,24,28.496840238571167,36.71223211288452
DD+CS+DISP+REL_N,4,1,2,5,0.001,0.1520794205265533,24,30.396682024002075,34.512442111968994
DD+CS+DISP+REL_N,4,2,0,5,0.001,0.4331583630593239,24,37.50796604156494,47.648865938186646
DD+CS+DISP+REL_N,4,2,1,5,0.001,-0.29326537084950793,24,37.714179039001465,48.82725715637207
DD+CS+DISP+REL_N,4,2,2,5,0.001,0.009806710337284065,24,37.57673192024231,48.80951499938965
DD+CS+DISP+REL_N,4,3,0,5,0.001,-0.48049068073413775,24,47.081815004348755,58.428428173065186
DD+CS+DISP+REL_N,4,3,1,5,0.001,-0.5098878257727251,24,46.28028631210327,57.791138887405396
DD+CS+DISP+REL_N,4,3,2,5,0.001,-0.30029711506823925,24,47.3671669960022,55.07505989074707
DD+CS+DISP+REL_N,4,4,0,5,0.001,0.2911701462040176,24,54.781102895736694,66.3782958984375
DD+CS+DISP+REL_N,4,4,1,5,0.001,1.4429020129138406,24,54.85838007926941,67.70474696159363
DD+CS+DISP+REL_N,4,4,2,5,0.001,0.9306878209753864,24,54.72077798843384,68.25891900062561
DD+CS+DISP+REL_N,4,5,0,5,0.001,0.4951281988156898,24,64.760488986969,80.6168041229248
DD+CS+DISP+REL_N,4,5,1,5,0.001,0.42725519137972107,24,64.63603901863098,80.7723970413208
DD+CS+DISP+REL_N,4,5,2,5,0.001,0.007337228187733813,24,66.28326082229614,77.98714208602905
DD+CS+DISP+TERM,4,1,0,5,0.001,-0.034214226182749254,24,29.150996923446655,35.65042996406555
DD+CS+DISP+TERM,4,1,1,5,0.001,0.5048514361730873,24,29.076349020004272,35.12114214897156
DD+CS+DISP+TERM,4,1,2,5,0.001,0.35962109600987613,24,28.672811031341553,35.94417190551758
DD+CS+DISP+TERM,4,2,0,5,0.001,0.28932878476226004,24,37.51840806007385,45.96068811416626
DD+CS+DISP+TERM,4,2,1,5,0.001,-0.4109670522824213,24,37.612350940704346,45.95612287521362
DD+CS+DISP+TERM,4,2,2,5,0.001,0.20070392391876038,24,37.979835987091064,47.480868101119995
DD+CS+DISP+TERM,4,3,0,5,0.001,-0.7105034592316758,24,46.609792947769165,57.035727977752686
DD+CS+DISP+TERM,4,3,1,5,0.001,-0.743077901686149,24,46.807077169418335,57.42674374580383
DD+CS+DISP+TERM,4,3,2,5,0.001,-0.44370047733901913,24,46.39730978012085,57.04189419746399
DD+CS+DISP+TERM,4,4,0,5,0.001,1.19929037760969,24,54.83428382873535,65.07438015937805
DD+CS+DISP+TERM,4,4,1,5,0.001,1.0706714991148285,24,55.01626968383789,64.91285610198975
DD+CS+DISP+TERM,4,4,2,5,0.001,-0.15128624736526466,24,55.26459217071533,65.3417809009552
DD+CS+DISP+TERM,4,5,0,5,0.001,-0.18023131890324312,24,64.02880835533142,79.01144599914551
DD+CS+DISP+TERM,4,5,1,5,0.001,0.7690882577071622,24,64.31759786605835,79.7252106666565
DD+CS+DISP+SKEW,4,1,0,5,0.001,-0.41807457152640487,24,29.410104990005493,37.19343614578247
DD+CS+DISP+TERM,4,5,2,5,0.001,0.6223511873191795,24,64.36401104927063,80.13301110267639
DD+CS+DISP+SKEW,4,1,1,5,0.001,0.27086976812665375,24,29.152207136154175,37.33632826805115
DD+CS+DISP+SKEW,4,1,2,5,0.001,0.03594700984044313,24,29.057020902633667,34.405293226242065
DD+CS+DISP+SKEW,4,2,0,5,0.001,0.5450084735525851,24,37.209999084472656,47.06326603889465
DD+CS+DISP+SKEW,4,2,2,5,0.001,0.4108373695631853,24,37.49555492401123,46.90172529220581
DD+CS+DISP+SKEW,4,2,1,5,0.001,0.18095388221561498,24,37.26672005653381,48.908615827560425
DD+CS+DISP+SKEW,4,3,0,5,0.001,-0.4619463554398501,24,46.15611481666565,57.480905055999756
DD+CS+DISP+SKEW,4,3,1,5,0.001,-0.45965078035496876,24,46.4321448802948,59.08893895149231
DD+CS+DISP+SKEW,4,3,2,5,0.001,-0.5107226603509237,24,47.67334008216858,57.282278060913086
DD+CS+DISP+SKEW,4,4,0,5,0.001,1.0211435591086004,24,54.83322095870972,65.38682794570923
DD+CS+DISP+SKEW,4,4,2,5,0.001,0.5366112760527753,24,55.071773052215576,67.48266077041626
DD+CS+DISP+SKEW,4,4,1,5,0.001,1.2274445978181536,24,54.99043607711792,68.21827912330627
DD+CS+DISP+SKEW,4,5,0,5,0.001,0.6080086160969463,24,63.644678831100464,79.41758418083191
DD+CS+DISP+SKEW,4,5,1,5,0.001,0.391587668377507,24,63.7769079208374,80.14573168754578
DD+CS+DISP+SKEW,4,5,2,5,0.001,-0.047838349152520054,24,64.8176817893982,78.0441198348999
DD+CS+REL_N+TERM,4,1,0,5,0.001,0.2112898411195949,24,28.60461115837097,36.62081694602966
DD+CS+REL_N+TERM,4,1,1,5,0.001,-0.514385585672792,24,28.857999086380005,37.437796115875244
DD+CS+REL_N+TERM,4,1,2,5,0.001,-0.9290466006494712,24,28.88000798225403,37.21404004096985
DD+CS+REL_N+TERM,4,2,0,5,0.001,0.4403276133811787,24,37.489778995513916,44.78110408782959
DD+CS+REL_N+TERM,4,2,1,5,0.001,-0.5718564551196905,24,37.74621105194092,45.49414801597595
DD+CS+REL_N+TERM,4,2,2,5,0.001,0.03119859970986574,24,37.9356107711792,45.786174058914185
DD+CS+REL_N+TERM,4,3,0,5,0.001,-0.34748011617414437,24,47.10958003997803,56.00756788253784
DD+CS+REL_N+TERM,4,3,2,5,0.001,-0.306626758679455,24,47.35346984863281,58.082744121551514
DD+CS+REL_N+TERM,4,3,1,5,0.001,-0.26503279649250683,24,47.53961396217346,58.11148166656494
DD+CS+REL_N+TERM,4,4,0,5,0.001,0.7507268278050636,24,54.33882808685303,64.81666302680969
DD+CS+REL_N+TERM,4,4,1,5,0.001,0.5562374324647433,24,54.7612578868866,62.94118571281433
DD+CS+REL_N+TERM,4,4,2,5,0.001,0.8438771363619911,24,55.290000915527344,65.07362103462219
DD+CS+REL_N+TERM,4,5,0,5,0.001,0.5272335786931396,24,64.46462488174438,77.76424384117126
DD+CS+REL_N+SKEW,4,1,0,5,0.001,0.8314473334434295,24,28.914757251739502,37.01038384437561
DD+CS+REL_N+SKEW,4,1,1,5,0.001,0.76601571335776,24,28.54588007926941,38.175296783447266
DD+CS+REL_N+TERM,4,5,1,5,0.001,-0.02713825790927914,24,64.99037837982178,80.44968914985657
DD+CS+REL_N+TERM,4,5,2,5,0.001,0.9693300659387263,24,65.01842999458313,80.2447919845581
DD+CS+REL_N+SKEW,4,1,2,5,0.001,0.28793095422571413,24,29.506023168563843,35.43443012237549
DD+CS+REL_N+SKEW,4,2,0,5,0.001,-0.14186328013870297,24,36.98314380645752,44.6256320476532
DD+CS+REL_N+SKEW,4,2,1,5,0.001,-0.08554178676164506,24,37.0048246383667,43.78913688659668
DD+CS+REL_N+SKEW,4,2,2,5,0.001,0.32338999243523214,24,37.064550161361694,43.971487045288086
DD+CS+REL_N+SKEW,4,3,0,5,0.001,-0.2747084800455526,24,46.3700897693634,59.844817876815796
DD+CS+REL_N+SKEW,4,3,1,5,0.001,-0.3294123887671562,24,46.89464092254639,59.774786949157715
DD+CS+REL_N+SKEW,4,3,2,5,0.001,-0.37082984981637057,24,46.11061501502991,59.24197292327881
DD+CS+REL_N+SKEW,4,4,0,5,0.001,1.0843690427124122,24,55.33589315414429,62.98215889930725
DD+CS+REL_N+SKEW,4,4,1,5,0.001,1.1377285525186138,24,54.95706510543823,64.51948690414429
DD+CS+REL_N+SKEW,4,4,2,5,0.001,1.198641293490742,24,55.184510946273804,64.93130111694336
DD+CS+TERM+SKEW,4,1,0,5,0.001,0.6518171107824693,24,30.37601613998413,37.44600224494934
DD+CS+REL_N+SKEW,4,5,0,5,0.001,0.39889002386331146,24,64.28171277046204,85.35729098320007
DD+CS+REL_N+SKEW,4,5,1,5,0.001,0.9877743897740048,24,64.56548595428467,85.14023685455322
DD+CS+TERM+SKEW,4,1,1,5,0.001,-0.0261197414313112,24,29.641088008880615,37.32354474067688
DD+CS+REL_N+SKEW,4,5,2,5,0.001,0.5114367368984895,24,64.43450117111206,83.41013288497925
DD+CS+TERM+SKEW,4,1,2,5,0.001,0.8768152599253621,24,29.437342882156372,36.54516625404358
DD+CS+TERM+SKEW,4,2,0,5,0.001,-0.4940838871941068,24,36.910316705703735,43.651463985443115
DD+CS+TERM+SKEW,4,2,1,5,0.001,0.8279095671464293,24,36.71744894981384,48.38513994216919
DD+CS+TERM+SKEW,4,2,2,5,0.001,0.38168556890164274,24,37.06128001213074,47.864973068237305
DD+CS+TERM+SKEW,4,3,0,5,0.001,-0.3479014969399714,24,46.197439193725586,58.55457305908203
DD+CS+TERM+SKEW,4,3,1,5,0.001,-0.4312054302419117,24,46.48540496826172,61.77179789543152
DD+CS+TERM+SKEW,4,3,2,5,0.001,-0.3086267582041425,24,45.29282999038696,61.94378113746643
DD+CS+TERM+SKEW,4,4,0,5,0.001,0.7918761402338306,24,55.37053084373474,65.23947787284851
DD+CS+TERM+SKEW,4,4,2,5,0.001,1.2680086416480147,24,55.31360912322998,67.21122717857361
DD+CS+TERM+SKEW,4,4,1,5,0.001,1.2388213926298757,24,55.15388107299805,67.84057211875916
DD+CS+TERM+SKEW,4,5,0,5,0.001,0.8472968415280321,24,64.49198961257935,80.14014530181885
DD+CS+TERM+SKEW,4,5,1,5,0.001,0.1513240049141233,24,64.78690791130066,82.4369888305664
DD+LVIX+DISP+REL_N,4,1,0,5,0.001,0.44541211756508114,24,28.751118898391724,35.81026911735535
DD+CS+TERM+SKEW,4,5,2,5,0.001,1.07045955352586,24,65.08787679672241,82.64871978759766
DD+LVIX+DISP+REL_N,4,1,2,5,0.001,-0.2033776149099243,24,28.967403888702393,38.81434226036072
DD+LVIX+DISP+REL_N,4,1,1,5,0.001,0.4265878330998525,24,29.201958894729614,38.73876214027405
DD+LVIX+DISP+REL_N,4,2,0,5,0.001,0.24495686300687272,24,37.65850782394409,44.64904808998108
DD+LVIX+DISP+REL_N,4,2,1,5,0.001,0.7069385004575834,24,37.78527092933655,47.70210385322571
DD+LVIX+DISP+REL_N,4,2,2,5,0.001,0.4529278474074656,24,37.724210262298584,45.81551194190979
DD+LVIX+DISP+REL_N,4,3,0,5,0.001,-0.6308875799567558,24,47.082237243652344,56.639660120010376
DD+LVIX+DISP+REL_N,4,3,1,5,0.001,-0.5296896899932626,24,46.9955677986145,59.704671144485474
DD+LVIX+DISP+REL_N,4,3,2,5,0.001,-0.49007781772661524,24,47.17290019989014,60.1544189453125
DD+LVIX+DISP+REL_N,4,4,0,5,0.001,1.0233899512828264,24,55.69095778465271,63.432528257369995
DD+LVIX+DISP+REL_N,4,4,1,5,0.001,1.3946149956410754,24,55.28600096702576,65.9029769897461
DD+LVIX+DISP+REL_N,4,4,2,5,0.001,1.0442214381722452,24,55.02929210662842,66.37164425849915
DD+LVIX+DISP+REL_N,4,5,0,5,0.001,0.3746491219003583,24,64.13134431838989,74.98047113418579
DD+LVIX+DISP+TERM,4,1,0,5,0.001,0.31190067926425064,24,29.086551189422607,34.6628839969635
DD+LVIX+DISP+REL_N,4,5,2,5,0.001,0.7385565846575051,24,65.03763389587402,78.18353724479675
DD+LVIX+DISP+REL_N,4,5,1,5,0.001,0.19188811055469687,24,65.0696177482605,78.92858290672302
DD+LVIX+DISP+TERM,4,1,1,5,0.001,0.8393631488219092,24,28.72341799736023,37.06762194633484
DD+LVIX+DISP+TERM,4,1,2,5,0.001,0.8781808728408874,24,28.594226837158203,36.76131892204285
DD+LVIX+DISP+TERM,4,2,0,5,0.001,0.24311893347407862,24,37.36529207229614,44.678537130355835
DD+LVIX+DISP+TERM,4,2,1,5,0.001,-0.12078650765635011,24,37.547537326812744,43.72320365905762
DD+LVIX+DISP+TERM,4,2,2,5,0.001,0.004956998094965678,24,37.97015309333801,46.83596587181091
DD+LVIX+DISP+TERM,4,3,0,5,0.001,-0.5291891756271839,24,47.02479100227356,57.08626985549927
DD+LVIX+DISP+TERM,4,3,1,5,0.001,-0.21702550348296065,24,47.29576325416565,58.251086950302124
DD+LVIX+DISP+TERM,4,3,2,5,0.001,-0.30116448547695696,24,46.918769121170044,58.84712767601013
DD+LVIX+DISP+TERM,4,4,0,5,0.001,0.9923165276005311,24,55.755059242248535,65.16906499862671
DD+LVIX+DISP+TERM,4,4,1,5,0.001,1.1196484459251728,24,55.861833810806274,66.45477604866028
DD+LVIX+DISP+TERM,4,4,2,5,0.001,1.5084791226507686,24,56.02267503738403,67.92359495162964
DD+LVIX+DISP+SKEW,4,1,0,5,0.001,0.48292028798093817,24,29.991960763931274,35.935436964035034
DD+LVIX+DISP+TERM,4,5,0,5,0.001,0.4593932449041745,24,65.67451405525208,78.77289390563965
DD+LVIX+DISP+TERM,4,5,1,5,0.001,0.4436268096150968,24,66.36309003829956,80.63020610809326
DD+LVIX+DISP+TERM,4,5,2,5,0.001,0.09199863478298761,24,65.96391606330872,80.8657820224762
DD+LVIX+DISP+SKEW,4,1,1,5,0.001,0.15102248078759672,24,29.084777116775513,36.25755500793457
DD+LVIX+DISP+SKEW,4,1,2,5,0.001,-0.8399980983087715,24,29.70733118057251,33.46629619598389
DD+LVIX+DISP+SKEW,4,2,0,5,0.001,0.21610336334841468,24,37.112380027770996,45.256853103637695
DD+LVIX+DISP+SKEW,4,2,1,5,0.001,-0.1520185088080971,24,37.23115277290344,46.977055072784424
DD+LVIX+DISP+SKEW,4,2,2,5,0.001,-0.03120117648627643,24,37.55369210243225,48.65253186225891
DD+LVIX+DISP+SKEW,4,3,0,5,0.001,-0.35450817198052487,24,46.468945264816284,56.8203399181366
DD+LVIX+DISP+SKEW,4,3,1,5,0.001,-0.23906776938730193,24,45.7703013420105,59.11368799209595
DD+LVIX+DISP+SKEW,4,3,2,5,0.001,0.2577645342856739,24,47.843605041503906,55.76427221298218
DD+LVIX+DISP+SKEW,4,4,0,5,0.001,1.0207149102661075,24,54.71265888214111,65.73412013053894
DD+LVIX+DISP+SKEW,4,4,1,5,0.001,1.542258842640774,24,54.91154980659485,66.66389679908752
DD+LVIX+DISP+SKEW,4,4,2,5,0.001,2.132744328010827,24,55.498481035232544,66.39622402191162
DD+LVIX+DISP+SKEW,4,5,0,5,0.001,0.19521493123324216,24,64.71308708190918,79.06104111671448
DD+LVIX+DISP+SKEW,4,5,1,5,0.001,0.1991500786821305,24,64.58995008468628,78.0318489074707
DD+LVIX+REL_N+TERM,4,1,0,5,0.001,0.3272091270665058,24,28.67100477218628,35.389750957489014
DD+LVIX+REL_N+TERM,4,1,1,5,0.001,-0.22641421826857977,24,28.90006399154663,34.695037841796875
DD+LVIX+DISP+SKEW,4,5,2,5,0.001,0.98689919530893,24,65.80262207984924,77.00457501411438
DD+LVIX+REL_N+TERM,4,1,2,5,0.001,0.4896235156837566,24,29.90045166015625,33.61582112312317
DD+LVIX+REL_N+TERM,4,2,0,5,0.001,0.7031435876166969,24,37.625017166137695,47.35271096229553
DD+LVIX+REL_N+TERM,4,2,1,5,0.001,0.6449530616092792,24,37.4739830493927,47.27443313598633
DD+LVIX+REL_N+TERM,4,2,2,5,0.001,0.1595477463484572,24,37.178560972213745,45.24457097053528
DD+LVIX+REL_N+TERM,4,3,0,5,0.001,-0.3643110929064456,24,46.398983001708984,56.37549686431885
DD+LVIX+REL_N+TERM,4,3,1,5,0.001,-0.1426167465401183,24,46.81703019142151,59.05999684333801
DD+LVIX+REL_N+TERM,4,3,2,5,0.001,-0.26102643266859676,24,48.03010272979736,55.403006076812744
DD+LVIX+REL_N+TERM,4,4,0,5,0.001,0.39101052953487136,24,55.539642095565796,66.15357804298401
DD+LVIX+REL_N+TERM,4,4,1,5,0.001,1.0836043233229655,24,55.041532039642334,66.66502904891968
DD+LVIX+REL_N+TERM,4,4,2,5,0.001,1.109862334867753,24,55.061497926712036,66.16097092628479
DD+LVIX+REL_N+TERM,4,5,0,5,0.001,0.46906557313111275,24,64.39208698272705,78.86741089820862
DD+LVIX+REL_N+TERM,4,5,1,5,0.001,0.23312105801171162,24,64.85633301734924,77.74288606643677
DD+LVIX+REL_N+SKEW,4,1,0,5,0.001,0.30088310306616306,24,28.539885759353638,36.37395715713501
DD+LVIX+REL_N+TERM,4,5,2,5,0.001,0.5280060367364989,24,65.72609090805054,78.81162905693054
DD+LVIX+REL_N+SKEW,4,1,1,5,0.001,-1.369954043975346,24,28.423874139785767,36.76105499267578
DD+LVIX+REL_N+SKEW,4,1,2,5,0.001,1.1611835564373456,24,28.862364768981934,35.03031396865845
DD+LVIX+REL_N+SKEW,4,2,0,5,0.001,0.46186283629870006,24,37.63565993309021,46.851686239242554
DD+LVIX+REL_N+SKEW,4,2,1,5,0.001,0.17123869043363654,24,38.1795859336853,46.412073850631714
DD+LVIX+REL_N+SKEW,4,2,2,5,0.001,0.4676432679968714,24,37.521785259246826,45.59515905380249
DD+LVIX+REL_N+SKEW,4,3,0,5,0.001,-0.2941736584279647,24,47.32668709754944,59.774937868118286
DD+LVIX+REL_N+SKEW,4,3,1,5,0.001,-0.4170888753939477,24,46.82026696205139,60.43199610710144
DD+LVIX+REL_N+SKEW,4,3,2,5,0.001,-0.014998832284083021,24,46.35959768295288,59.16922330856323
DD+LVIX+REL_N+SKEW,4,4,0,5,0.001,1.4550439538557804,24,54.898098945617676,65.18878483772278
DD+LVIX+REL_N+SKEW,4,4,1,5,0.001,0.05836328735745738,24,55.511446952819824,65.17930293083191
DD+LVIX+REL_N+SKEW,4,4,2,5,0.001,0.19987476477176508,24,55.5724458694458,66.50679206848145
DD+LVIX+REL_N+SKEW,4,5,0,5,0.001,0.28118555936699713,24,65.29414916038513,81.48356795310974
DD+LVIX+REL_N+SKEW,4,5,1,5,0.001,0.47277163010014867,24,64.44842505455017,81.93048119544983
DD+LVIX+REL_N+SKEW,4,5,2,5,0.001,-0.03514457934356866,24,64.6939697265625,82.04941701889038
DD+LVIX+TERM+SKEW,4,1,0,5,0.001,0.7075730997581022,24,28.440856218338013,36.48686599731445
DD+LVIX+TERM+SKEW,4,1,1,5,0.001,0.40942364493484246,24,29.236928939819336,35.85302805900574
DD+LVIX+TERM+SKEW,4,1,2,5,0.001,-0.371533460283979,24,29.786247968673706,34.93139123916626
DD+LVIX+TERM+SKEW,4,2,0,5,0.001,0.42856249644924244,24,37.01145815849304,49.145352840423584
DD+LVIX+TERM+SKEW,4,2,1,5,0.001,0.20110873257610226,24,36.77372908592224,48.8787899017334
DD+LVIX+TERM+SKEW,4,2,2,5,0.001,0.968567189699744,24,36.99794101715088,49.35868000984192
DD+LVIX+TERM+SKEW,4,3,0,5,0.001,0.3805298072174115,24,46.701647996902466,59.851903200149536
DD+LVIX+TERM+SKEW,4,3,1,5,0.001,-0.3417576781810937,24,46.740002155303955,59.407411336898804
DD+LVIX+TERM+SKEW,4,3,2,5,0.001,-0.17880257559357898,24,47.37437987327576,57.09846806526184
DD+LVIX+TERM+SKEW,4,4,0,5,0.001,1.3144031227472863,24,55.07894802093506,67.01969504356384
DD+LVIX+TERM+SKEW,4,4,1,5,0.001,0.9842282008734131,24,54.74397587776184,68.16061186790466
DD+LVIX+TERM+SKEW,4,4,2,5,0.001,1.152135974195162,24,55.00122022628784,68.0540463924408
DD+LVIX+TERM+SKEW,4,5,0,5,0.001,-0.1820338047184191,24,64.40036296844482,79.86256194114685
DD+LVIX+TERM+SKEW,4,5,1,5,0.001,-0.06641512957202222,24,64.62000393867493,79.3647940158844
DD+LVIX+TERM+SKEW,4,5,2,5,0.001,0.19067444093398375,24,65.2042920589447,77.9842779636383
DD+DISP+REL_N+TERM,4,1,0,5,0.001,0.9178495712112541,24,28.380335807800293,35.4456729888916
DD+DISP+REL_N+TERM,4,1,1,5,0.001,1.0011720828682293,24,27.991466999053955,35.58076214790344
DD+DISP+REL_N+TERM,4,1,2,5,0.001,0.43433002276499755,24,28.550987005233765,35.14316511154175
DD+DISP+REL_N+TERM,4,2,0,5,0.001,0.5198774629944337,24,37.09664797782898,45.81132221221924
DD+DISP+REL_N+TERM,4,2,1,5,0.001,0.3704420723776565,24,37.33266091346741,45.259461879730225
DD+DISP+REL_N+TERM,4,2,2,5,0.001,0.44066206076707026,24,37.54087018966675,45.65235924720764
DD+DISP+REL_N+TERM,4,3,0,5,0.001,-0.14400983493551442,24,47.171489000320435,57.079649925231934
DD+DISP+REL_N+TERM,4,3,1,5,0.001,-0.48875698439882787,24,46.77956771850586,59.84013104438782
DD+DISP+REL_N+TERM,4,3,2,5,0.001,-0.7110822130118337,24,46.55433988571167,58.45891976356506
DD+DISP+REL_N+TERM,4,4,0,5,0.001,0.8974088359320121,24,54.92153596878052,63.675861120224
DD+DISP+REL_N+TERM,4,4,1,5,0.001,0.9350246683220124,24,54.912731885910034,64.01431822776794
DD+DISP+REL_N+TERM,4,4,2,5,0.001,0.5594525745918121,24,55.356141805648804,64.14970922470093
DD+DISP+REL_N+SKEW,4,1,0,5,0.001,0.17088967472116984,24,28.99417996406555,36.56012296676636
DD+DISP+REL_N+TERM,4,5,0,5,0.001,0.5851314913543777,24,64.93864870071411,80.45745468139648
DD+DISP+REL_N+SKEW,4,1,1,5,0.001,0.938290939137235,24,29.23972201347351,36.955986976623535
DD+DISP+REL_N+TERM,4,5,1,5,0.001,0.35956315873169364,24,64.27602767944336,81.25242376327515
DD+DISP+REL_N+TERM,4,5,2,5,0.001,0.5212653120908183,24,64.08654713630676,81.08795690536499
DD+DISP+REL_N+SKEW,4,1,2,5,0.001,1.9318296718850512,24,29.04106092453003,35.42689800262451
DD+DISP+REL_N+SKEW,4,2,0,5,0.001,0.04518661840859001,24,36.82506704330444,44.862980127334595
DD+DISP+REL_N+SKEW,4,2,1,5,0.001,0.3421757694056043,24,37.029860734939575,46.245749950408936
DD+DISP+REL_N+SKEW,4,2,2,5,0.001,0.21073333382362305,24,37.12597584724426,45.30400896072388
DD+DISP+REL_N+SKEW,4,3,0,5,0.001,-0.5272987420532546,24,46.34544396400452,59.309229135513306
DD+DISP+REL_N+SKEW,4,3,1,5,0.001,-0.4568346192310642,24,46.33144497871399,62.76043486595154
DD+DISP+REL_N+SKEW,4,3,2,5,0.001,-0.5440341700426923,24,46.208218812942505,61.50091004371643
DD+DISP+REL_N+SKEW,4,4,0,5,0.001,0.9564457642776873,24,54.41472601890564,66.33365106582642
DD+DISP+REL_N+SKEW,4,4,1,5,0.001,0.4227932749345803,24,54.951619148254395,65.92541694641113
DD+DISP+REL_N+SKEW,4,4,2,5,0.001,0.9272556074677816,24,55.42157006263733,66.87489104270935
DD+DISP+REL_N+SKEW,4,5,0,5,0.001,0.23617112694704193,24,64.11669301986694,80.10089707374573
DD+DISP+REL_N+SKEW,4,5,1,5,0.001,0.3040251632157015,24,64.42392706871033,81.44405794143677
DD+DISP+REL_N+SKEW,4,5,2,5,0.001,0.5462324099406728,24,65.39548587799072,81.42194294929504
DD+DISP+TERM+SKEW,4,1,0,5,0.001,-0.00183911737664065,24,28.463921785354614,36.05270004272461
DD+DISP+TERM+SKEW,4,1,1,5,0.001,-0.42673529516680564,24,28.69012999534607,39.54682207107544
DD+DISP+TERM+SKEW,4,1,2,5,0.001,0.4038737628595461,24,28.54294514656067,38.50872278213501
DD+DISP+TERM+SKEW,4,2,0,5,0.001,0.37382646120885915,24,37.01897692680359,45.47079920768738
DD+DISP+TERM+SKEW,4,2,1,5,0.001,0.4063361382110444,24,37.362112045288086,47.58506107330322
DD+DISP+TERM+SKEW,4,2,2,5,0.001,0.029395778049454716,24,37.63032817840576,47.091562032699585
DD+DISP+TERM+SKEW,4,3,0,5,0.001,-0.21413876653862907,24,46.73857808113098,56.92190098762512
DD+DISP+TERM+SKEW,4,3,1,5,0.001,-0.38951908094282855,24,47.08495092391968,58.94191884994507
DD+DISP+TERM+SKEW,4,3,2,5,0.001,-0.46745355355823137,24,46.787959814071655,58.677414894104004
DD+DISP+TERM+SKEW,4,4,0,5,0.001,2.0771237775243714,24,55.3796169757843,64.22307825088501
DD+DISP+TERM+SKEW,4,4,1,5,0.001,1.087381648376346,24,55.2949800491333,65.19060897827148
DD+DISP+TERM+SKEW,4,4,2,5,0.001,0.882665793089212,24,55.94017004966736,65.89487719535828
DD+DISP+TERM+SKEW,4,5,0,5,0.001,1.0181949867440911,24,64.8235170841217,79.03557801246643
DD+REL_N+TERM+SKEW,4,1,0,5,0.001,0.5143146226709988,24,28.728873014450073,36.424654960632324
DD+DISP+TERM+SKEW,4,5,1,5,0.001,0.24497782971786108,24,64.90204119682312,80.72756910324097
DD+DISP+TERM+SKEW,4,5,2,5,0.001,0.5837680533344916,24,65.20002698898315,81.22332692146301
DD+REL_N+TERM+SKEW,4,1,1,5,0.001,0.5318716160650057,24,28.67536997795105,36.50569200515747
DD+REL_N+TERM+SKEW,4,1,2,5,0.001,0.9307042073240341,24,28.840219259262085,36.325206995010376
DD+REL_N+TERM+SKEW,4,2,0,5,0.001,0.5103845677396609,24,36.90223503112793,45.672443866729736
DD+REL_N+TERM+SKEW,4,2,1,5,0.001,0.27820390421904234,24,37.165777921676636,45.10272717475891
DD+REL_N+TERM+SKEW,4,2,2,5,0.001,0.380763471987962,24,37.956701040267944,47.15759611129761
DD+REL_N+TERM+SKEW,4,3,0,5,0.001,-0.3066892153870889,24,47.26568293571472,57.12499403953552
DD+REL_N+TERM+SKEW,4,3,1,5,0.001,-0.49018071146374403,24,47.05496597290039,60.19755411148071
DD+REL_N+TERM+SKEW,4,3,2,5,0.001,-0.33885220148884615,24,46.98703575134277,58.38277506828308
DD+REL_N+TERM+SKEW,4,4,0,5,0.001,1.0278026606512898,24,54.62261414527893,64.80098295211792
DD+REL_N+TERM+SKEW,4,4,1,5,0.001,0.8097440174494259,24,54.36407923698425,64.2248969078064
DD+REL_N+TERM+SKEW,4,4,2,5,0.001,0.8740962068758548,24,55.11260795593262,64.0943992137909
DD+REL_N+TERM+SKEW,4,5,0,5,0.001,0.5837557213367416,24,64.58542799949646,67.87640595436096
DD+REL_N+TERM+SKEW,4,5,1,5,0.001,0.3175907353205815,24,65.2995719909668,66.13322687149048
DD+REL_N+TERM+SKEW,4,5,2,5,0.001,0.2898502949236604,24,64.94701290130615,65.65864181518555
